s,T,q_true,q_noisy
-4.651162790697674154e+01,1.000000000000000000e+00,1.000000000000000000e+00,9.600000000000000200e-02
-5.426356589147286513e+01,1.000000000000000000e+00,1.000000000000000000e+00,1.049999999999999961e-01
-5.813953488372092693e+01,1.000000000000000000e+00,1.000000000000000000e+00,1.120000000000000023e-01
-6.976744186046511231e+01,1.000000000000000000e+00,1.000000000000000000e+00,1.219999999999999973e-01
-6.976744186046511231e+01,1.000000000000000000e+00,1.000000000000000000e+00,1.270000000000000018e-01
-7.751937984496123590e+01,1.000000000000000000e+00,1.000000000000000000e+00,1.390000000000000124e-01
-8.527131782945735949e+01,1.000000000000000000e+00,1.000000000000000000e+00,1.449999999999999900e-01
-9.302325581395348308e+01,1.000000000000000000e+00,1.000000000000000000e+00,1.549999999999999989e-01
-1.007751937984496067e+02,1.000000000000000000e+00,1.000000000000000000e+00,1.640000000000000069e-01
-1.085271317829457303e+02,1.000000000000000000e+00,1.000000000000000000e+00,1.710000000000000131e-01
-1.201550387596899157e+02,1.000000000000000000e+00,1.000000000000000000e+00,1.839999999999999969e-01
-1.356589147286821628e+02,1.000000000000000000e+00,1.000000000000000000e+00,2.010000000000000120e-01
-1.511627906976744100e+02,1.000000000000000000e+00,1.000000000000000000e+00,2.139999999999999958e-01
-1.666666666666666572e+02,1.000000000000000000e+00,1.000000000000000000e+00,2.330000000000000127e-01
-1.860465116279069662e+02,1.000000000000000000e+00,1.000000000000000000e+00,2.469999999999999973e-01
-2.054263565891472751e+02,1.000000000000000000e+00,1.000000000000000000e+00,2.640000000000000124e-01
-2.248062015503875841e+02,1.000000000000000000e+00,1.000000000000000000e+00,2.839999999999999747e-01
-2.441860465116278931e+02,1.000000000000000000e+00,1.000000000000000000e+00,2.999999999999999889e-01
-2.674418604651162923e+02,1.000000000000000000e+00,1.000000000000000000e+00,3.170000000000000040e-01
-2.906976744186046631e+02,1.000000000000000000e+00,1.000000000000000000e+00,3.370000000000000218e-01
-3.062015503875969102e+02,1.000000000000000000e+00,1.000000000000000000e+00,3.479999999999999760e-01
-3.294573643410852810e+02,1.000000000000000000e+00,1.000000000000000000e+00,3.659999999999999920e-01
-3.565891472868216852e+02,1.000000000000000000e+00,1.000000000000000000e+00,3.870000000000000107e-01
-3.914728682170542697e+02,1.000000000000000000e+00,1.000000000000000000e+00,4.079999999999999738e-01
-4.224806201550387641e+02,1.000000000000000000e+00,1.000000000000000000e+00,4.269999999999999907e-01
-4.379844961240310113e+02,1.000000000000000000e+00,1.000000000000000000e+00,4.430000000000000049e-01
-4.689922480620155056e+02,1.000000000000000000e+00,1.000000000000000000e+00,4.630000000000000226e-01
-4.922480620155038764e+02,1.000000000000000000e+00,1.000000000000000000e+00,4.799999999999999822e-01
-5.155038759689922472e+02,1.000000000000000000e+00,1.000000000000000000e+00,4.979999999999999982e-01
-5.426356589147286513e+02,1.000000000000000000e+00,1.000000000000000000e+00,5.160000000000000142e-01
-5.581395348837208985e+02,1.000000000000000000e+00,1.000000000000000000e+00,5.260000000000000231e-01
-5.813953488372093261e+02,1.000000000000000000e+00,1.000000000000000000e+00,5.410000000000000364e-01
-5.930232558139534831e+02,1.000000000000000000e+00,1.000000000000000000e+00,5.530000000000000471e-01
-6.240310077519379774e+02,1.000000000000000000e+00,1.000000000000000000e+00,5.709999999999999520e-01
-6.666666666666666288e+02,1.000000000000000000e+00,1.000000000000000000e+00,5.929999999999999716e-01
-7.093023255813952801e+02,1.000000000000000000e+00,1.000000000000000000e+00,6.169999999999999929e-01
-7.286821705426356175e+02,1.000000000000000000e+00,1.000000000000000000e+00,6.340000000000000080e-01
-7.596899224806201119e+02,1.000000000000000000e+00,1.000000000000000000e+00,6.470000000000000195e-01
-7.868217054263565160e+02,1.000000000000000000e+00,1.000000000000000000e+00,6.630000000000000338e-01
-8.217054263565891006e+02,1.000000000000000000e+00,1.000000000000000000e+00,6.840000000000000524e-01
-8.527131782945735949e+02,1.000000000000000000e+00,1.000000000000000000e+00,6.979999999999999538e-01
-8.837209302325580893e+02,1.000000000000000000e+00,1.000000000000000000e+00,7.159999999999999698e-01
-9.147286821705425837e+02,1.000000000000000000e+00,1.000000000000000000e+00,7.279999999999999805e-01
-9.689922480620155056e+02,1.000000000000000000e+00,1.000000000000000000e+00,7.590000000000000080e-01
-9.922480620155038196e+02,1.000000000000000000e+00,1.000000000000000000e+00,7.690000000000000169e-01
-1.046511627906976628e+03,1.000000000000000000e+00,1.000000000000000000e+00,8.000000000000000444e-01
-1.085271317829457303e+03,1.000000000000000000e+00,1.000000000000000000e+00,8.169999999999999485e-01
-1.147286821705426291e+03,1.000000000000000000e+00,1.000000000000000000e+00,8.519999999999999796e-01
-1.174418604651162696e+03,1.000000000000000000e+00,1.000000000000000000e+00,8.649999999999999911e-01
-1.224806201550387641e+03,1.000000000000000000e+00,1.000000000000000000e+00,8.900000000000000133e-01
-1.302325581395348763e+03,1.000000000000000000e+00,1.000000000000000000e+00,9.220000000000000417e-01
-1.387596899224806066e+03,1.000000000000000000e+00,1.000000000000000000e+00,9.539999999999999591e-01
-1.476744186046511686e+03,1.000000000000000000e+00,1.000000000000000000e+00,9.949999999999999956e-01
-1.515503875968992133e+03,1.000000000000000000e+00,1.000000000000000000e+00,1.010999999999999899e+00
-3.289473684210526727e+01,1.000000000000000000e+00,1.000000000000000000e+00,7.499999999999999722e-02
-3.947368421052631504e+01,1.000000000000000000e+00,1.000000000000000000e+00,8.699999999999999400e-02
-4.934210526315789735e+01,1.000000000000000000e+00,1.000000000000000000e+00,9.800000000000000377e-02
-5.592105263157895223e+01,1.000000000000000000e+00,1.000000000000000000e+00,1.079999999999999988e-01
-6.250000000000000000e+01,1.000000000000000000e+00,1.000000000000000000e+00,1.150000000000000050e-01
-6.907894736842105488e+01,1.000000000000000000e+00,1.000000000000000000e+00,1.229999999999999982e-01
-7.565789473684210975e+01,1.000000000000000000e+00,1.000000000000000000e+00,1.310000000000000053e-01
-8.223684210526316463e+01,1.000000000000000000e+00,1.000000000000000000e+00,1.390000000000000124e-01
-8.881578947368421950e+01,1.000000000000000000e+00,1.000000000000000000e+00,1.469999999999999918e-01
-9.539473684210526017e+01,1.000000000000000000e+00,1.000000000000000000e+00,1.549999999999999989e-01
-1.052631578947368496e+02,1.000000000000000000e+00,1.000000000000000000e+00,1.640000000000000069e-01
-1.151315789473684248e+02,1.000000000000000000e+00,1.000000000000000000e+00,1.749999999999999889e-01
-1.250000000000000000e+02,1.000000000000000000e+00,1.000000000000000000e+00,1.839999999999999969e-01
-1.282894736842105203e+02,1.000000000000000000e+00,1.000000000000000000e+00,1.890000000000000013e-01
-1.348684210526315894e+02,1.000000000000000000e+00,1.000000000000000000e+00,1.990000000000000102e-01
-1.447368421052631504e+02,1.000000000000000000e+00,1.000000000000000000e+00,2.079999999999999905e-01
-1.546052631578947398e+02,1.000000000000000000e+00,1.000000000000000000e+00,2.169999999999999984e-01
-1.677631578947368496e+02,1.000000000000000000e+00,1.000000000000000000e+00,2.270000000000000073e-01
-1.776315789473684390e+02,1.000000000000000000e+00,1.000000000000000000e+00,2.359999999999999876e-01
-1.907894736842105203e+02,1.000000000000000000e+00,1.000000000000000000e+00,2.489999999999999991e-01
-2.039473684210526301e+02,1.000000000000000000e+00,1.000000000000000000e+00,2.590000000000000080e-01
-2.138157894736842195e+02,1.000000000000000000e+00,1.000000000000000000e+00,2.660000000000000142e-01
-2.269736842105263293e+02,1.000000000000000000e+00,1.000000000000000000e+00,2.810000000000000275e-01
-2.500000000000000000e+02,1.000000000000000000e+00,1.000000000000000000e+00,2.979999999999999871e-01
-2.730263157894736992e+02,1.000000000000000000e+00,1.000000000000000000e+00,3.180000000000000049e-01
-2.993421052631579187e+02,1.000000000000000000e+00,1.000000000000000000e+00,3.370000000000000218e-01
-3.256578947368421382e+02,1.000000000000000000e+00,1.000000000000000000e+00,3.529999999999999805e-01
-3.388157894736842195e+02,1.000000000000000000e+00,1.000000000000000000e+00,3.649999999999999911e-01
-3.717105263157894797e+02,1.000000000000000000e+00,1.000000000000000000e+00,3.880000000000000115e-01
-3.980263157894736992e+02,1.000000000000000000e+00,1.000000000000000000e+00,4.040000000000000258e-01
-4.177631578947368780e+02,1.000000000000000000e+00,1.000000000000000000e+00,4.169999999999999818e-01
-4.375000000000000000e+02,1.000000000000000000e+00,1.000000000000000000e+00,4.279999999999999916e-01
-4.473684210526316178e+02,1.000000000000000000e+00,1.000000000000000000e+00,4.349999999999999978e-01
-4.671052631578947398e+02,1.000000000000000000e+00,1.000000000000000000e+00,4.510000000000000120e-01
-4.934210526315789593e+02,1.000000000000000000e+00,1.000000000000000000e+00,4.680000000000000271e-01
-5.230263157894736423e+02,1.000000000000000000e+00,1.000000000000000000e+00,4.849999999999999867e-01
-5.394736842105263577e+02,1.000000000000000000e+00,1.000000000000000000e+00,5.030000000000000027e-01
-5.657894736842105203e+02,1.000000000000000000e+00,1.000000000000000000e+00,5.190000000000000169e-01
-6.052631578947368780e+02,1.000000000000000000e+00,1.000000000000000000e+00,5.420000000000000373e-01
-6.282894736842105203e+02,1.000000000000000000e+00,1.000000000000000000e+00,5.560000000000000497e-01
-6.611842105263158373e+02,1.000000000000000000e+00,1.000000000000000000e+00,5.739999999999999547e-01
-6.940789473684210407e+02,1.000000000000000000e+00,1.000000000000000000e+00,5.929999999999999716e-01
-7.171052631578947967e+02,1.000000000000000000e+00,1.000000000000000000e+00,6.039999999999999813e-01
-7.500000000000000000e+02,1.000000000000000000e+00,1.000000000000000000e+00,6.250000000000000000e-01
-7.730263157894737560e+02,1.000000000000000000e+00,1.000000000000000000e+00,6.390000000000000124e-01
-8.223684210526315610e+02,1.000000000000000000e+00,1.000000000000000000e+00,6.650000000000000355e-01
-8.519736842105263577e+02,1.000000000000000000e+00,1.000000000000000000e+00,6.790000000000000480e-01
-8.618421052631579187e+02,1.000000000000000000e+00,1.000000000000000000e+00,6.879999999999999449e-01
-8.881578947368420813e+02,1.000000000000000000e+00,1.000000000000000000e+00,6.959999999999999520e-01
-9.309210526315789593e+02,1.000000000000000000e+00,1.000000000000000000e+00,7.179999999999999716e-01
-9.901315789473684390e+02,1.000000000000000000e+00,1.000000000000000000e+00,7.409999999999999920e-01
-1.019736842105263236e+03,1.000000000000000000e+00,1.000000000000000000e+00,7.580000000000000071e-01
-1.049342105263157919e+03,1.000000000000000000e+00,1.000000000000000000e+00,7.760000000000000231e-01
-1.141447368421052715e+03,1.000000000000000000e+00,1.000000000000000000e+00,8.100000000000000533e-01
-1.177631578947368553e+03,1.000000000000000000e+00,1.000000000000000000e+00,8.339999999999999636e-01
-1.210526315789473756e+03,1.000000000000000000e+00,1.000000000000000000e+00,8.509999999999999787e-01
-1.286184210526315837e+03,1.000000000000000000e+00,1.000000000000000000e+00,8.800000000000000044e-01
-1.309210526315789593e+03,1.000000000000000000e+00,1.000000000000000000e+00,8.980000000000000204e-01
-4.469273743016759681e+01,1.000000000000000000e+00,1.000000000000000000e+00,8.999999999999999667e-02
-5.307262569832402477e+01,1.000000000000000000e+00,1.000000000000000000e+00,9.900000000000000466e-02
-5.586592178770949602e+01,1.000000000000000000e+00,1.000000000000000000e+00,1.049999999999999961e-01
-6.424581005586593108e+01,1.000000000000000000e+00,1.000000000000000000e+00,1.120000000000000023e-01
-7.262569832402235193e+01,1.000000000000000000e+00,1.000000000000000000e+00,1.239999999999999991e-01
-7.821229050279329442e+01,1.000000000000000000e+00,1.000000000000000000e+00,1.310000000000000053e-01
-8.938547486033519363e+01,1.000000000000000000e+00,1.000000000000000000e+00,1.409999999999999865e-01
-9.217877094972067198e+01,1.000000000000000000e+00,1.000000000000000000e+00,1.469999999999999918e-01
-1.005586592178770928e+02,1.000000000000000000e+00,1.000000000000000000e+00,1.539999999999999980e-01
-1.089385474860335279e+02,1.000000000000000000e+00,1.000000000000000000e+00,1.630000000000000060e-01
-1.173184357541899487e+02,1.000000000000000000e+00,1.000000000000000000e+00,1.729999999999999871e-01
-1.229050279329609054e+02,1.000000000000000000e+00,1.000000000000000000e+00,1.799999999999999933e-01
-1.368715083798882688e+02,1.000000000000000000e+00,1.000000000000000000e+00,1.930000000000000049e-01
-1.396648044692737471e+02,1.000000000000000000e+00,1.000000000000000000e+00,1.970000000000000084e-01
-1.508379888268156606e+02,1.000000000000000000e+00,1.000000000000000000e+00,2.059999999999999887e-01
-1.620111731843575456e+02,1.000000000000000000e+00,1.000000000000000000e+00,2.179999999999999993e-01
-1.675977653631285023e+02,1.000000000000000000e+00,1.000000000000000000e+00,2.240000000000000047e-01
-1.787709497206703873e+02,1.000000000000000000e+00,1.000000000000000000e+00,2.340000000000000135e-01
-1.871508379888268223e+02,1.000000000000000000e+00,1.000000000000000000e+00,2.409999999999999920e-01
-2.011173184357541857e+02,1.000000000000000000e+00,1.000000000000000000e+00,2.510000000000000009e-01
-2.094972067039106207e+02,1.000000000000000000e+00,1.000000000000000000e+00,2.590000000000000080e-01
-2.178770949720670558e+02,1.000000000000000000e+00,1.000000000000000000e+00,2.670000000000000151e-01
-2.318435754189944191e+02,1.000000000000000000e+00,1.000000000000000000e+00,2.770000000000000240e-01
-2.430167597765363325e+02,1.000000000000000000e+00,1.000000000000000000e+00,2.869999999999999774e-01
-2.541899441340782175e+02,1.000000000000000000e+00,1.000000000000000000e+00,2.959999999999999853e-01
-2.653631284916201025e+02,1.000000000000000000e+00,1.000000000000000000e+00,3.039999999999999925e-01
-2.765363128491620159e+02,1.000000000000000000e+00,1.000000000000000000e+00,3.130000000000000004e-01
-2.849162011173184510e+02,1.000000000000000000e+00,1.000000000000000000e+00,3.180000000000000049e-01
-2.932960893854748861e+02,1.000000000000000000e+00,1.000000000000000000e+00,3.260000000000000120e-01
-3.100558659217876993e+02,1.000000000000000000e+00,1.000000000000000000e+00,3.360000000000000209e-01
-3.268156424581005695e+02,1.000000000000000000e+00,1.000000000000000000e+00,3.469999999999999751e-01
-3.435754189944134396e+02,1.000000000000000000e+00,1.000000000000000000e+00,3.599999999999999867e-01
-3.687150837988826879e+02,1.000000000000000000e+00,1.000000000000000000e+00,3.780000000000000027e-01
-3.938547486033519931e+02,1.000000000000000000e+00,1.000000000000000000e+00,3.940000000000000169e-01
-4.162011173184357631e+02,1.000000000000000000e+00,1.000000000000000000e+00,4.079999999999999738e-01
-4.441340782122905466e+02,1.000000000000000000e+00,1.000000000000000000e+00,4.229999999999999871e-01
-4.525139664804469248e+02,1.000000000000000000e+00,1.000000000000000000e+00,4.279999999999999916e-01
-4.692737430167597950e+02,1.000000000000000000e+00,1.000000000000000000e+00,4.420000000000000040e-01
-5.000000000000000000e+02,1.000000000000000000e+00,1.000000000000000000e+00,4.650000000000000244e-01
-5.167597765363128701e+02,1.000000000000000000e+00,1.000000000000000000e+00,4.769999999999999796e-01
-5.335195530726257402e+02,1.000000000000000000e+00,1.000000000000000000e+00,4.899999999999999911e-01
-5.614525139664805238e+02,1.000000000000000000e+00,1.000000000000000000e+00,5.030000000000000027e-01
-5.754189944134078587e+02,1.000000000000000000e+00,1.000000000000000000e+00,5.140000000000000124e-01
-5.921787709497207288e+02,1.000000000000000000e+00,1.000000000000000000e+00,5.260000000000000231e-01
-6.201117318435753987e+02,1.000000000000000000e+00,1.000000000000000000e+00,5.450000000000000400e-01
-6.675977653631284738e+02,1.000000000000000000e+00,1.000000000000000000e+00,5.689999999999999503e-01
-6.927374301675978359e+02,1.000000000000000000e+00,1.000000000000000000e+00,5.799999999999999600e-01
-7.206703910614525057e+02,1.000000000000000000e+00,1.000000000000000000e+00,5.949999999999999734e-01
-7.513966480446928244e+02,1.000000000000000000e+00,1.000000000000000000e+00,6.169999999999999929e-01
-7.821229050279330295e+02,1.000000000000000000e+00,1.000000000000000000e+00,6.310000000000000053e-01
-8.100558659217876993e+02,1.000000000000000000e+00,1.000000000000000000e+00,6.480000000000000204e-01
-8.435754189944134396e+02,1.000000000000000000e+00,1.000000000000000000e+00,6.650000000000000355e-01
-8.910614525139665147e+02,1.000000000000000000e+00,1.000000000000000000e+00,6.870000000000000551e-01
-9.162011173184357631e+02,1.000000000000000000e+00,1.000000000000000000e+00,6.989999999999999547e-01
-1.002793296089385535e+03,1.000000000000000000e+00,1.000000000000000000e+00,7.339999999999999858e-01
-1.033519553072625740e+03,1.000000000000000000e+00,1.000000000000000000e+00,7.530000000000000027e-01
-1.092178770949720729e+03,1.000000000000000000e+00,1.000000000000000000e+00,7.720000000000000195e-01
-1.114525139664804556e+03,1.000000000000000000e+00,1.000000000000000000e+00,7.830000000000000293e-01
-3.883495145631068368e+01,1.000000000000000000e+00,1.000000000000000000e+00,8.400000000000000522e-02
-4.368932038834951470e+01,1.000000000000000000e+00,1.000000000000000000e+00,9.199999999999999845e-02
-5.097087378640777189e+01,1.000000000000000000e+00,1.000000000000000000e+00,1.000000000000000056e-01
-5.582524271844660291e+01,1.000000000000000000e+00,1.000000000000000000e+00,1.059999999999999970e-01
-6.067961165048544103e+01,1.000000000000000000e+00,1.000000000000000000e+00,1.150000000000000050e-01
-7.038834951456311728e+01,1.000000000000000000e+00,1.000000000000000000e+00,1.239999999999999991e-01
-7.524271844660194120e+01,1.000000000000000000e+00,1.000000000000000000e+00,1.320000000000000062e-01
-8.252427184466020549e+01,1.000000000000000000e+00,1.000000000000000000e+00,1.400000000000000133e-01
-8.980582524271845557e+01,1.000000000000000000e+00,1.000000000000000000e+00,1.489999999999999936e-01
-9.708737864077670565e+01,1.000000000000000000e+00,1.000000000000000000e+00,1.590000000000000024e-01
-1.067961165048543819e+02,1.000000000000000000e+00,1.000000000000000000e+00,1.670000000000000095e-01
-1.140776699029126320e+02,1.000000000000000000e+00,1.000000000000000000e+00,1.739999999999999880e-01
-1.213592233009708821e+02,1.000000000000000000e+00,1.000000000000000000e+00,1.829999999999999960e-01
-1.262135922330097202e+02,1.000000000000000000e+00,1.000000000000000000e+00,1.890000000000000013e-01
-1.310679611650485583e+02,1.000000000000000000e+00,1.000000000000000000e+00,1.960000000000000075e-01
-1.456310679611650585e+02,1.000000000000000000e+00,1.000000000000000000e+00,2.089999999999999913e-01
-1.504854368932038824e+02,1.000000000000000000e+00,1.000000000000000000e+00,2.139999999999999958e-01
-1.601941747572815586e+02,1.000000000000000000e+00,1.000000000000000000e+00,2.250000000000000056e-01
-1.747572815533980588e+02,1.000000000000000000e+00,1.000000000000000000e+00,2.359999999999999876e-01
-1.820388349514563231e+02,1.000000000000000000e+00,1.000000000000000000e+00,2.399999999999999911e-01
-1.966019417475728233e+02,1.000000000000000000e+00,1.000000000000000000e+00,2.540000000000000036e-01
-2.038834951456310876e+02,1.000000000000000000e+00,1.000000000000000000e+00,2.610000000000000098e-01
-2.111650485436893234e+02,1.000000000000000000e+00,1.000000000000000000e+00,2.700000000000000178e-01
-2.160194174757281758e+02,1.000000000000000000e+00,1.000000000000000000e+00,2.730000000000000204e-01
-2.305825242718446759e+02,1.000000000000000000e+00,1.000000000000000000e+00,2.859999999999999765e-01
-2.402912621359223522e+02,1.000000000000000000e+00,1.000000000000000000e+00,2.929999999999999827e-01
-2.524271844660194404e+02,1.000000000000000000e+00,1.000000000000000000e+00,3.029999999999999916e-01
-2.572815533980582927e+02,1.000000000000000000e+00,1.000000000000000000e+00,3.069999999999999951e-01
-2.694174757281553525e+02,1.000000000000000000e+00,1.000000000000000000e+00,3.160000000000000031e-01
-2.791262135922330003e+02,1.000000000000000000e+00,1.000000000000000000e+00,3.250000000000000111e-01
-2.985436893203883528e+02,1.000000000000000000e+00,1.000000000000000000e+00,3.370000000000000218e-01
-3.082524271844660575e+02,1.000000000000000000e+00,1.000000000000000000e+00,3.459999999999999742e-01
-3.325242718446602339e+02,1.000000000000000000e+00,1.000000000000000000e+00,3.629999999999999893e-01
-3.543689320388349984e+02,1.000000000000000000e+00,1.000000000000000000e+00,3.770000000000000018e-01
-3.810679611650485867e+02,1.000000000000000000e+00,1.000000000000000000e+00,3.950000000000000178e-01
-4.053398058252427631e+02,1.000000000000000000e+00,1.000000000000000000e+00,4.119999999999999774e-01
-4.368932038834951754e+02,1.000000000000000000e+00,1.000000000000000000e+00,4.309999999999999942e-01
-4.587378640776699399e+02,1.000000000000000000e+00,1.000000000000000000e+00,4.440000000000000058e-01
-4.708737864077669997e+02,1.000000000000000000e+00,1.000000000000000000e+00,4.590000000000000191e-01
-5.000000000000000000e+02,1.000000000000000000e+00,1.000000000000000000e+00,4.779999999999999805e-01
-5.242718446601942333e+02,1.000000000000000000e+00,1.000000000000000000e+00,4.959999999999999964e-01
-5.582524271844660007e+02,1.000000000000000000e+00,1.000000000000000000e+00,5.140000000000000124e-01
-5.776699029126214100e+02,1.000000000000000000e+00,1.000000000000000000e+00,5.290000000000000258e-01
-5.970873786407767057e+02,1.000000000000000000e+00,1.000000000000000000e+00,5.440000000000000391e-01
-6.334951456310679987e+02,1.000000000000000000e+00,1.000000000000000000e+00,5.610000000000000542e-01
-6.601941747572816439e+02,1.000000000000000000e+00,1.000000000000000000e+00,5.779999999999999583e-01
-6.868932038834951754e+02,1.000000000000000000e+00,1.000000000000000000e+00,5.939999999999999725e-01
-7.233009708737864685e+02,1.000000000000000000e+00,1.000000000000000000e+00,6.139999999999999902e-01
-7.548543689320388239e+02,1.000000000000000000e+00,1.000000000000000000e+00,6.300000000000000044e-01
-7.839805825242718811e+02,1.000000000000000000e+00,1.000000000000000000e+00,6.470000000000000195e-01
-8.203883495145631741e+02,1.000000000000000000e+00,1.000000000000000000e+00,6.640000000000000346e-01
-8.543689320388350552e+02,1.000000000000000000e+00,1.000000000000000000e+00,6.810000000000000497e-01
-8.907766990291262346e+02,1.000000000000000000e+00,1.000000000000000000e+00,6.979999999999999538e-01
-9.296116504854369396e+02,1.000000000000000000e+00,1.000000000000000000e+00,7.159999999999999698e-01
-9.635922330097088206e+02,1.000000000000000000e+00,1.000000000000000000e+00,7.309999999999999831e-01
-3.711790393013099987e+01,1.000000000000000000e+00,1.000000000000000000e+00,7.799999999999999989e-02
-4.366812227074235864e+01,1.000000000000000000e+00,1.000000000000000000e+00,8.699999999999999400e-02
-5.021834061135371030e+01,1.000000000000000000e+00,1.000000000000000000e+00,9.500000000000000111e-02
-5.458515283842794474e+01,1.000000000000000000e+00,1.000000000000000000e+00,1.019999999999999934e-01
-6.113537117903929641e+01,1.000000000000000000e+00,1.000000000000000000e+00,1.110000000000000014e-01
-6.986899563318776529e+01,1.000000000000000000e+00,1.000000000000000000e+00,1.209999999999999964e-01
-7.641921397379911696e+01,1.000000000000000000e+00,1.000000000000000000e+00,1.290000000000000036e-01
-8.296943231441048283e+01,1.000000000000000000e+00,1.000000000000000000e+00,1.370000000000000107e-01
-8.733624454148471727e+01,1.000000000000000000e+00,1.000000000000000000e+00,1.449999999999999900e-01
-9.606986899563318616e+01,1.000000000000000000e+00,1.000000000000000000e+00,1.539999999999999980e-01
-1.048034934497816550e+02,1.000000000000000000e+00,1.000000000000000000e+00,1.610000000000000042e-01
-1.113537117903930067e+02,1.000000000000000000e+00,1.000000000000000000e+00,1.700000000000000122e-01
-1.200873362445414756e+02,1.000000000000000000e+00,1.000000000000000000e+00,1.789999999999999925e-01
-1.288209606986899587e+02,1.000000000000000000e+00,1.000000000000000000e+00,1.880000000000000004e-01
-1.353711790393012961e+02,1.000000000000000000e+00,1.000000000000000000e+00,1.970000000000000084e-01
-1.462882096069868965e+02,1.000000000000000000e+00,1.000000000000000000e+00,2.089999999999999913e-01
-1.506550218340611309e+02,1.000000000000000000e+00,1.000000000000000000e+00,2.129999999999999949e-01
-1.637554585152838342e+02,1.000000000000000000e+00,1.000000000000000000e+00,2.230000000000000038e-01
-1.724890829694323031e+02,1.000000000000000000e+00,1.000000000000000000e+00,2.310000000000000109e-01
-1.812227074235807720e+02,1.000000000000000000e+00,1.000000000000000000e+00,2.389999999999999902e-01
-1.921397379912663723e+02,1.000000000000000000e+00,1.000000000000000000e+00,2.479999999999999982e-01
-2.030567685589519442e+02,1.000000000000000000e+00,1.000000000000000000e+00,2.570000000000000062e-01
-2.117903930131004415e+02,1.000000000000000000e+00,1.000000000000000000e+00,2.660000000000000142e-01
-2.205240174672489104e+02,1.000000000000000000e+00,1.000000000000000000e+00,2.720000000000000195e-01
-2.292576419213973793e+02,1.000000000000000000e+00,1.000000000000000000e+00,2.810000000000000275e-01
-2.401746724890829512e+02,1.000000000000000000e+00,1.000000000000000000e+00,2.899999999999999800e-01
-2.510917030567685515e+02,1.000000000000000000e+00,1.000000000000000000e+00,2.979999999999999871e-01
-2.641921397379912833e+02,1.000000000000000000e+00,1.000000000000000000e+00,3.089999999999999969e-01
-2.729257641921397521e+02,1.000000000000000000e+00,1.000000000000000000e+00,3.140000000000000013e-01
-2.860262008733624270e+02,1.000000000000000000e+00,1.000000000000000000e+00,3.240000000000000102e-01
-3.078602620087336277e+02,1.000000000000000000e+00,1.000000000000000000e+00,3.400000000000000244e-01
-3.340611353711790343e+02,1.000000000000000000e+00,1.000000000000000000e+00,3.569999999999999840e-01
-3.602620087336244410e+02,1.000000000000000000e+00,1.000000000000000000e+00,3.760000000000000009e-01
-3.864628820960698476e+02,1.000000000000000000e+00,1.000000000000000000e+00,3.940000000000000169e-01
-4.126637554585152543e+02,1.000000000000000000e+00,1.000000000000000000e+00,4.099999999999999756e-01
-4.388646288209606610e+02,1.000000000000000000e+00,1.000000000000000000e+00,4.239999999999999880e-01
-4.606986899563318616e+02,1.000000000000000000e+00,1.000000000000000000e+00,4.410000000000000031e-01
-4.803493449781659024e+02,1.000000000000000000e+00,1.000000000000000000e+00,4.580000000000000182e-01
-5.065502183406113090e+02,1.000000000000000000e+00,1.000000000000000000e+00,4.749999999999999778e-01
-5.414847161572051846e+02,1.000000000000000000e+00,1.000000000000000000e+00,4.989999999999999991e-01
-5.676855895196506481e+02,1.000000000000000000e+00,1.000000000000000000e+00,5.130000000000000115e-01
-5.895196506550217919e+02,1.000000000000000000e+00,1.000000000000000000e+00,5.270000000000000240e-01
-6.179039301310043584e+02,1.000000000000000000e+00,1.000000000000000000e+00,5.470000000000000417e-01
-6.550218340611353369e+02,1.000000000000000000e+00,1.000000000000000000e+00,5.629999999999999449e-01
-6.834061135371179034e+02,1.000000000000000000e+00,1.000000000000000000e+00,5.809999999999999609e-01
-7.117903930131003563e+02,1.000000000000000000e+00,1.000000000000000000e+00,5.949999999999999734e-01
-7.489082969432314485e+02,1.000000000000000000e+00,1.000000000000000000e+00,6.119999999999999885e-01
-7.663755458515283863e+02,1.000000000000000000e+00,1.000000000000000000e+00,6.290000000000000036e-01
-8.078602620087335708e+02,1.000000000000000000e+00,1.000000000000000000e+00,6.470000000000000195e-01
-8.558951965065501781e+02,1.000000000000000000e+00,1.000000000000000000e+00,6.710000000000000409e-01
-8.711790393013100129e+02,1.000000000000000000e+00,1.000000000000000000e+00,6.790000000000000480e-01
-2.988047808764940072e+01,1.000000000000000000e+00,1.000000000000000000e+00,6.500000000000000222e-02
-3.386454183266932461e+01,1.000000000000000000e+00,1.000000000000000000e+00,7.199999999999999456e-02
-3.984063745019920333e+01,1.000000000000000000e+00,1.000000000000000000e+00,8.000000000000000167e-02
-4.780876494023904399e+01,1.000000000000000000e+00,1.000000000000000000e+00,8.899999999999999578e-02
-5.378486055776892272e+01,1.000000000000000000e+00,1.000000000000000000e+00,9.700000000000000289e-02
-5.976095617529880144e+01,1.000000000000000000e+00,1.000000000000000000e+00,1.049999999999999961e-01
-6.772908366533864921e+01,1.000000000000000000e+00,1.000000000000000000e+00,1.150000000000000050e-01
-7.171314741035855889e+01,1.000000000000000000e+00,1.000000000000000000e+00,1.209999999999999964e-01
-7.569721115537848277e+01,1.000000000000000000e+00,1.000000000000000000e+00,1.280000000000000027e-01
-8.764940239043824022e+01,1.000000000000000000e+00,1.000000000000000000e+00,1.380000000000000115e-01
-9.163346613545816410e+01,1.000000000000000000e+00,1.000000000000000000e+00,1.439999999999999891e-01
-9.960159362549801187e+01,1.000000000000000000e+00,1.000000000000000000e+00,1.529999999999999971e-01
-1.075697211155378454e+02,1.000000000000000000e+00,1.000000000000000000e+00,1.610000000000000042e-01
-1.135458167330677242e+02,1.000000000000000000e+00,1.000000000000000000e+00,1.660000000000000087e-01
-1.155378486055776932e+02,1.000000000000000000e+00,1.000000000000000000e+00,1.710000000000000131e-01
-1.235059760956175268e+02,1.000000000000000000e+00,1.000000000000000000e+00,1.779999999999999916e-01
-1.274900398406374507e+02,1.000000000000000000e+00,1.000000000000000000e+00,1.829999999999999960e-01
-1.314741035856573603e+02,1.000000000000000000e+00,1.000000000000000000e+00,1.880000000000000004e-01
-1.354581673306772984e+02,1.000000000000000000e+00,1.000000000000000000e+00,1.920000000000000040e-01
-1.394422310756972081e+02,1.000000000000000000e+00,1.000000000000000000e+00,1.960000000000000075e-01
-1.494023904382470107e+02,1.000000000000000000e+00,1.000000000000000000e+00,2.049999999999999878e-01
-1.573705179282868585e+02,1.000000000000000000e+00,1.000000000000000000e+00,2.129999999999999949e-01
-1.653386454183267062e+02,1.000000000000000000e+00,1.000000000000000000e+00,2.210000000000000020e-01
-1.752988047808764804e+02,1.000000000000000000e+00,1.000000000000000000e+00,2.290000000000000091e-01
-1.852589641434262830e+02,1.000000000000000000e+00,1.000000000000000000e+00,2.379999999999999893e-01
-1.972111553784860689e+02,1.000000000000000000e+00,1.000000000000000000e+00,2.469999999999999973e-01
-2.071713147410358431e+02,1.000000000000000000e+00,1.000000000000000000e+00,2.550000000000000044e-01
-2.171314741035856457e+02,1.000000000000000000e+00,1.000000000000000000e+00,2.660000000000000142e-01
-2.250996015936254935e+02,1.000000000000000000e+00,1.000000000000000000e+00,2.720000000000000195e-01
-2.370517928286852509e+02,1.000000000000000000e+00,1.000000000000000000e+00,2.819999999999999729e-01
-2.470119521912350535e+02,1.000000000000000000e+00,1.000000000000000000e+00,2.909999999999999809e-01
-2.589641434262948110e+02,1.000000000000000000e+00,1.000000000000000000e+00,2.999999999999999889e-01
-2.689243027888446136e+02,1.000000000000000000e+00,1.000000000000000000e+00,3.089999999999999969e-01
-2.768924302788844329e+02,1.000000000000000000e+00,1.000000000000000000e+00,3.140000000000000013e-01
-2.908366533864542021e+02,1.000000000000000000e+00,1.000000000000000000e+00,3.230000000000000093e-01
-3.027888446215139311e+02,1.000000000000000000e+00,1.000000000000000000e+00,3.320000000000000173e-01
-3.127490039840637337e+02,1.000000000000000000e+00,1.000000000000000000e+00,3.380000000000000226e-01
-3.167330677290836434e+02,1.000000000000000000e+00,1.000000000000000000e+00,3.420000000000000262e-01
-3.286852589641434292e+02,1.000000000000000000e+00,1.000000000000000000e+00,3.489999999999999769e-01
-3.446215139442231248e+02,1.000000000000000000e+00,1.000000000000000000e+00,3.599999999999999867e-01
-3.525896414342629441e+02,1.000000000000000000e+00,1.000000000000000000e+00,3.659999999999999920e-01
-3.645418326693227300e+02,1.000000000000000000e+00,1.000000000000000000e+00,3.739999999999999991e-01
-3.764940239043824590e+02,1.000000000000000000e+00,1.000000000000000000e+00,3.820000000000000062e-01
-3.944223107569721378e+02,1.000000000000000000e+00,1.000000000000000000e+00,3.950000000000000178e-01
-4.043824701195218836e+02,1.000000000000000000e+00,1.000000000000000000e+00,4.000000000000000222e-01
-4.243027888446214888e+02,1.000000000000000000e+00,1.000000000000000000e+00,4.119999999999999774e-01
-4.362549800796812747e+02,1.000000000000000000e+00,1.000000000000000000e+00,4.199999999999999845e-01
-4.482071713147410605e+02,1.000000000000000000e+00,1.000000000000000000e+00,4.269999999999999907e-01
-4.581673306772908632e+02,1.000000000000000000e+00,1.000000000000000000e+00,4.339999999999999969e-01
-4.681274900398406089e+02,1.000000000000000000e+00,1.000000000000000000e+00,4.420000000000000040e-01
-4.800796812749003948e+02,1.000000000000000000e+00,1.000000000000000000e+00,4.500000000000000111e-01
-4.900398406374501974e+02,1.000000000000000000e+00,1.000000000000000000e+00,4.590000000000000191e-01
-5.139442231075697691e+02,1.000000000000000000e+00,1.000000000000000000e+00,4.729999999999999760e-01
-5.179282868525896220e+02,1.000000000000000000e+00,1.000000000000000000e+00,4.769999999999999796e-01
-5.318725099601593911e+02,1.000000000000000000e+00,1.000000000000000000e+00,4.869999999999999885e-01
-5.398406374501992104e+02,1.000000000000000000e+00,1.000000000000000000e+00,4.919999999999999929e-01
-5.617529880478087989e+02,1.000000000000000000e+00,1.000000000000000000e+00,5.050000000000000044e-01
-5.737051792828684711e+02,1.000000000000000000e+00,1.000000000000000000e+00,5.110000000000000098e-01
-5.896414342629482235e+02,1.000000000000000000e+00,1.000000000000000000e+00,5.220000000000000195e-01
-6.055776892430278622e+02,1.000000000000000000e+00,1.000000000000000000e+00,5.310000000000000275e-01
-6.175298804780876480e+02,1.000000000000000000e+00,1.000000000000000000e+00,5.370000000000000329e-01
-6.334661354581672867e+02,1.000000000000000000e+00,1.000000000000000000e+00,5.470000000000000417e-01
-6.494023904382470391e+02,1.000000000000000000e+00,1.000000000000000000e+00,5.530000000000000471e-01
-6.733067729083664972e+02,1.000000000000000000e+00,1.000000000000000000e+00,5.649999999999999467e-01
-6.852589641434262830e+02,1.000000000000000000e+00,1.000000000000000000e+00,5.729999999999999538e-01
-7.051792828685258883e+02,1.000000000000000000e+00,1.000000000000000000e+00,5.829999999999999627e-01
-7.211155378486055270e+02,1.000000000000000000e+00,1.000000000000000000e+00,5.939999999999999725e-01
-7.470119521912350820e+02,1.000000000000000000e+00,1.000000000000000000e+00,6.049999999999999822e-01
-7.649402390438247039e+02,1.000000000000000000e+00,1.000000000000000000e+00,6.159999999999999920e-01
-7.768924302788844898e+02,1.000000000000000000e+00,1.000000000000000000e+00,6.219999999999999973e-01
-7.948207171314741117e+02,1.000000000000000000e+00,1.000000000000000000e+00,6.290000000000000036e-01
-2.719033232628398622e+01,1.000000000000000000e+00,1.000000000000000000e+00,5.899999999999999689e-02
-3.172205438066465177e+01,1.000000000000000000e+00,1.000000000000000000e+00,6.700000000000000400e-02
-3.625377643504531733e+01,1.000000000000000000e+00,1.000000000000000000e+00,7.199999999999999456e-02
-4.078549848942598288e+01,1.000000000000000000e+00,1.000000000000000000e+00,7.900000000000000078e-02
-4.531722054380664133e+01,1.000000000000000000e+00,1.000000000000000000e+00,8.699999999999999400e-02
-4.984894259818730688e+01,1.000000000000000000e+00,1.000000000000000000e+00,9.199999999999999845e-02
-5.135951661631419540e+01,1.000000000000000000e+00,1.000000000000000000e+00,9.400000000000000022e-02
-5.438066465256797244e+01,1.000000000000000000e+00,1.000000000000000000e+00,9.800000000000000377e-02
-5.740181268882174948e+01,1.000000000000000000e+00,1.000000000000000000e+00,1.029999999999999943e-01
-6.042296072507552651e+01,1.000000000000000000e+00,1.000000000000000000e+00,1.079999999999999988e-01
-6.344410876132930355e+01,1.000000000000000000e+00,1.000000000000000000e+00,1.120000000000000023e-01
-6.646525679758308058e+01,1.000000000000000000e+00,1.000000000000000000e+00,1.160000000000000059e-01
-6.948640483383685762e+01,1.000000000000000000e+00,1.000000000000000000e+00,1.199999999999999956e-01
-7.250755287009063466e+01,1.000000000000000000e+00,1.000000000000000000e+00,1.250000000000000000e-01
-7.552870090634441169e+01,1.000000000000000000e+00,1.000000000000000000e+00,1.290000000000000036e-01
-8.157099697885196576e+01,1.000000000000000000e+00,1.000000000000000000e+00,1.350000000000000089e-01
-8.459214501510574280e+01,1.000000000000000000e+00,1.000000000000000000e+00,1.400000000000000133e-01
-9.063444108761328266e+01,1.000000000000000000e+00,1.000000000000000000e+00,1.459999999999999909e-01
-9.365558912386705970e+01,1.000000000000000000e+00,1.000000000000000000e+00,1.489999999999999936e-01
-9.818731117824772525e+01,1.000000000000000000e+00,1.000000000000000000e+00,1.559999999999999998e-01
-1.057401812688821678e+02,1.000000000000000000e+00,1.000000000000000000e+00,1.630000000000000060e-01
-1.102719033232628334e+02,1.000000000000000000e+00,1.000000000000000000e+00,1.680000000000000104e-01
-1.148036253776434990e+02,1.000000000000000000e+00,1.000000000000000000e+00,1.729999999999999871e-01
-1.223564954682779415e+02,1.000000000000000000e+00,1.000000000000000000e+00,1.819999999999999951e-01
-1.268882175226586071e+02,1.000000000000000000e+00,1.000000000000000000e+00,1.880000000000000004e-01
-1.374622356495468125e+02,1.000000000000000000e+00,1.000000000000000000e+00,1.990000000000000102e-01
-1.404833836858005895e+02,1.000000000000000000e+00,1.000000000000000000e+00,2.020000000000000129e-01
-1.450151057401812693e+02,1.000000000000000000e+00,1.000000000000000000e+00,2.069999999999999896e-01
-1.540785498489426004e+02,1.000000000000000000e+00,1.000000000000000000e+00,2.149999999999999967e-01
-1.601208459214501545e+02,1.000000000000000000e+00,1.000000000000000000e+00,2.220000000000000029e-01
-1.722054380664652342e+02,1.000000000000000000e+00,1.000000000000000000e+00,2.320000000000000118e-01
-1.812688821752265653e+02,1.000000000000000000e+00,1.000000000000000000e+00,2.399999999999999911e-01
-1.963746223564954505e+02,1.000000000000000000e+00,1.000000000000000000e+00,2.520000000000000018e-01
-2.039274924471299073e+02,1.000000000000000000e+00,1.000000000000000000e+00,2.590000000000000080e-01
-2.099697885196374614e+02,1.000000000000000000e+00,1.000000000000000000e+00,2.640000000000000124e-01
-2.205438066465256668e+02,1.000000000000000000e+00,1.000000000000000000e+00,2.740000000000000213e-01
-2.311178247734138722e+02,1.000000000000000000e+00,1.000000000000000000e+00,2.829999999999999738e-01
-2.386706948640483290e+02,1.000000000000000000e+00,1.000000000000000000e+00,2.889999999999999791e-01
-2.522658610271903115e+02,1.000000000000000000e+00,1.000000000000000000e+00,2.999999999999999889e-01
-2.613293051359516426e+02,1.000000000000000000e+00,1.000000000000000000e+00,3.059999999999999942e-01
-2.688821752265860709e+02,1.000000000000000000e+00,1.000000000000000000e+00,3.140000000000000013e-01
-2.854984894259818589e+02,1.000000000000000000e+00,1.000000000000000000e+00,3.250000000000000111e-01
-2.945619335347431615e+02,1.000000000000000000e+00,1.000000000000000000e+00,3.310000000000000164e-01
-3.096676737160120751e+02,1.000000000000000000e+00,1.000000000000000000e+00,3.430000000000000271e-01
-3.187311178247733778e+02,1.000000000000000000e+00,1.000000000000000000e+00,3.489999999999999769e-01
-3.308157099697884860e+02,1.000000000000000000e+00,1.000000000000000000e+00,3.579999999999999849e-01
-3.429003021148035941e+02,1.000000000000000000e+00,1.000000000000000000e+00,3.669999999999999929e-01
-3.580060422960725077e+02,1.000000000000000000e+00,1.000000000000000000e+00,3.770000000000000018e-01
-3.700906344410876159e+02,1.000000000000000000e+00,1.000000000000000000e+00,3.840000000000000080e-01
-3.791540785498489186e+02,1.000000000000000000e+00,1.000000000000000000e+00,3.910000000000000142e-01
-3.942598187311178322e+02,1.000000000000000000e+00,1.000000000000000000e+00,4.000000000000000222e-01
-4.063444108761328835e+02,1.000000000000000000e+00,1.000000000000000000e+00,4.079999999999999738e-01
-4.259818731117824768e+02,1.000000000000000000e+00,1.000000000000000000e+00,4.199999999999999845e-01
-4.425981873111782079e+02,1.000000000000000000e+00,1.000000000000000000e+00,4.299999999999999933e-01
-4.516616314199395674e+02,1.000000000000000000e+00,1.000000000000000000e+00,4.349999999999999978e-01
-4.667673716012084242e+02,1.000000000000000000e+00,1.000000000000000000e+00,4.480000000000000093e-01
-4.773413897280966580e+02,1.000000000000000000e+00,1.000000000000000000e+00,4.570000000000000173e-01
-4.833836858006042121e+02,1.000000000000000000e+00,1.000000000000000000e+00,4.600000000000000200e-01
-5.015105740181268743e+02,1.000000000000000000e+00,1.000000000000000000e+00,4.729999999999999760e-01
-5.075528700906344284e+02,1.000000000000000000e+00,1.000000000000000000e+00,4.769999999999999796e-01
-5.226586102719032851e+02,1.000000000000000000e+00,1.000000000000000000e+00,4.879999999999999893e-01
-5.317220543806646447e+02,1.000000000000000000e+00,1.000000000000000000e+00,4.939999999999999947e-01
-5.422960725075528217e+02,1.000000000000000000e+00,1.000000000000000000e+00,5.010000000000000009e-01
-5.634441087613292893e+02,1.000000000000000000e+00,1.000000000000000000e+00,5.140000000000000124e-01
-5.770392749244712149e+02,1.000000000000000000e+00,1.000000000000000000e+00,5.210000000000000187e-01
-5.891238670694863231e+02,1.000000000000000000e+00,1.000000000000000000e+00,5.290000000000000258e-01
-6.042296072507552935e+02,1.000000000000000000e+00,1.000000000000000000e+00,5.400000000000000355e-01
-2.808988764044944020e+01,1.000000000000000000e+00,1.000000000000000000e+00,6.199999999999999956e-02
-3.511235955056179847e+01,1.000000000000000000e+00,1.000000000000000000e+00,7.299999999999999545e-02
-4.073033707865168651e+01,1.000000000000000000e+00,1.000000000000000000e+00,8.000000000000000167e-02
-4.494382022471910432e+01,1.000000000000000000e+00,1.000000000000000000e+00,8.599999999999999312e-02
-4.775280898876404478e+01,1.000000000000000000e+00,1.000000000000000000e+00,8.999999999999999667e-02
-5.056179775280899236e+01,1.000000000000000000e+00,1.000000000000000000e+00,9.500000000000000111e-02
-5.337078651685393282e+01,1.000000000000000000e+00,1.000000000000000000e+00,9.800000000000000377e-02
-5.617977528089888040e+01,1.000000000000000000e+00,1.000000000000000000e+00,1.029999999999999943e-01
-5.898876404494382086e+01,1.000000000000000000e+00,1.000000000000000000e+00,1.069999999999999979e-01
-6.320224719101123867e+01,1.000000000000000000e+00,1.000000000000000000e+00,1.130000000000000032e-01
-6.601123595505617914e+01,1.000000000000000000e+00,1.000000000000000000e+00,1.160000000000000059e-01
-6.882022471910113381e+01,1.000000000000000000e+00,1.000000000000000000e+00,1.199999999999999956e-01
-7.162921348314607428e+01,1.000000000000000000e+00,1.000000000000000000e+00,1.239999999999999991e-01
-7.443820224719101475e+01,1.000000000000000000e+00,1.000000000000000000e+00,1.280000000000000027e-01
-8.005617977528089568e+01,1.000000000000000000e+00,1.000000000000000000e+00,1.340000000000000080e-01
-8.426966292134831349e+01,1.000000000000000000e+00,1.000000000000000000e+00,1.390000000000000124e-01
-8.707865168539326817e+01,1.000000000000000000e+00,1.000000000000000000e+00,1.439999999999999891e-01
-8.988764044943820863e+01,1.000000000000000000e+00,1.000000000000000000e+00,1.469999999999999918e-01
-9.269662921348314910e+01,1.000000000000000000e+00,1.000000000000000000e+00,1.499999999999999944e-01
-9.691011235955056691e+01,1.000000000000000000e+00,1.000000000000000000e+00,1.549999999999999989e-01
-9.971910112359550737e+01,1.000000000000000000e+00,1.000000000000000000e+00,1.590000000000000024e-01
-1.039325842696629252e+02,1.000000000000000000e+00,1.000000000000000000e+00,1.620000000000000051e-01
-1.095505617977528203e+02,1.000000000000000000e+00,1.000000000000000000e+00,1.680000000000000104e-01
-1.123595505617977608e+02,1.000000000000000000e+00,1.000000000000000000e+00,1.729999999999999871e-01
-1.151685393258427013e+02,1.000000000000000000e+00,1.000000000000000000e+00,1.769999999999999907e-01
-1.193820224719101191e+02,1.000000000000000000e+00,1.000000000000000000e+00,1.819999999999999951e-01
-1.264044943820224773e+02,1.000000000000000000e+00,1.000000000000000000e+00,1.880000000000000004e-01
-1.320224719101123583e+02,1.000000000000000000e+00,1.000000000000000000e+00,1.950000000000000067e-01
-1.418539325842696712e+02,1.000000000000000000e+00,1.000000000000000000e+00,2.049999999999999878e-01
-1.516853932584269842e+02,1.000000000000000000e+00,1.000000000000000000e+00,2.159999999999999976e-01
-1.615168539325842687e+02,1.000000000000000000e+00,1.000000000000000000e+00,2.240000000000000047e-01
-1.713483146067415817e+02,1.000000000000000000e+00,1.000000000000000000e+00,2.330000000000000127e-01
-1.811797752808988946e+02,1.000000000000000000e+00,1.000000000000000000e+00,2.419999999999999929e-01
-1.924157303370786565e+02,1.000000000000000000e+00,1.000000000000000000e+00,2.500000000000000000e-01
-1.994382022471910147e+02,1.000000000000000000e+00,1.000000000000000000e+00,2.570000000000000062e-01
-2.092696629213483277e+02,1.000000000000000000e+00,1.000000000000000000e+00,2.650000000000000133e-01
-2.176966292134831633e+02,1.000000000000000000e+00,1.000000000000000000e+00,2.730000000000000204e-01
-2.289325842696629252e+02,1.000000000000000000e+00,1.000000000000000000e+00,2.819999999999999729e-01
-2.401685393258427155e+02,1.000000000000000000e+00,1.000000000000000000e+00,2.929999999999999827e-01
-2.514044943820224773e+02,1.000000000000000000e+00,1.000000000000000000e+00,3.009999999999999898e-01
-2.626404494382022676e+02,1.000000000000000000e+00,1.000000000000000000e+00,3.099999999999999978e-01
-2.710674157303370748e+02,1.000000000000000000e+00,1.000000000000000000e+00,3.160000000000000031e-01
-2.823033707865168935e+02,1.000000000000000000e+00,1.000000000000000000e+00,3.250000000000000111e-01
-2.991573033707865079e+02,1.000000000000000000e+00,1.000000000000000000e+00,3.370000000000000218e-01
-3.075842696629213719e+02,1.000000000000000000e+00,1.000000000000000000e+00,3.420000000000000262e-01
-3.188202247191011338e+02,1.000000000000000000e+00,1.000000000000000000e+00,3.499999999999999778e-01
-3.328651685393258504e+02,1.000000000000000000e+00,1.000000000000000000e+00,3.599999999999999867e-01
-3.384831460674157597e+02,1.000000000000000000e+00,1.000000000000000000e+00,3.659999999999999920e-01
-3.553370786516854309e+02,1.000000000000000000e+00,1.000000000000000000e+00,3.760000000000000009e-01
-3.665730337078651928e+02,1.000000000000000000e+00,1.000000000000000000e+00,3.840000000000000080e-01
-3.820224719101123583e+02,1.000000000000000000e+00,1.000000000000000000e+00,3.950000000000000178e-01
-3.974719101123595806e+02,1.000000000000000000e+00,1.000000000000000000e+00,4.040000000000000258e-01
-4.115168539325842971e+02,1.000000000000000000e+00,1.000000000000000000e+00,4.139999999999999791e-01
-4.185393258426966554e+02,1.000000000000000000e+00,1.000000000000000000e+00,4.169999999999999818e-01
-4.339887640449438209e+02,1.000000000000000000e+00,1.000000000000000000e+00,4.259999999999999898e-01
-4.480337078651685374e+02,1.000000000000000000e+00,1.000000000000000000e+00,4.359999999999999987e-01
-4.634831460674157597e+02,1.000000000000000000e+00,1.000000000000000000e+00,4.470000000000000084e-01
-4.676966292134831633e+02,1.000000000000000000e+00,1.000000000000000000e+00,4.520000000000000129e-01
-4.775280898876404763e+02,1.000000000000000000e+00,1.000000000000000000e+00,4.600000000000000200e-01
-4.887640449438202381e+02,1.000000000000000000e+00,1.000000000000000000e+00,4.680000000000000271e-01
-5.084269662921348640e+02,1.000000000000000000e+00,1.000000000000000000e+00,4.809999999999999831e-01
-5.154494382022471655e+02,1.000000000000000000e+00,1.000000000000000000e+00,4.849999999999999867e-01
-5.280898876404494331e+02,1.000000000000000000e+00,1.000000000000000000e+00,4.939999999999999947e-01
-5.421348314606741496e+02,1.000000000000000000e+00,1.000000000000000000e+00,5.030000000000000027e-01
-5.561797752808988662e+02,1.000000000000000000e+00,1.000000000000000000e+00,5.110000000000000098e-01
-5.603932584269663266e+02,1.000000000000000000e+00,1.000000000000000000e+00,5.170000000000000151e-01
-2.480417754569190691e+01,1.000000000000000000e+00,1.000000000000000000e+00,5.099999999999999672e-02
-2.872062663185378639e+01,1.000000000000000000e+00,1.000000000000000000e+00,5.800000000000000294e-02
-3.263707571801566587e+01,1.000000000000000000e+00,1.000000000000000000e+00,6.300000000000000044e-02
-3.524804177545691886e+01,1.000000000000000000e+00,1.000000000000000000e+00,6.700000000000000400e-02
-3.785900783289817184e+01,1.000000000000000000e+00,1.000000000000000000e+00,7.000000000000000666e-02
-4.177545691906005487e+01,1.000000000000000000e+00,1.000000000000000000e+00,7.499999999999999722e-02
-4.438642297650130786e+01,1.000000000000000000e+00,1.000000000000000000e+00,8.100000000000000255e-02
-4.699738903394256084e+01,1.000000000000000000e+00,1.000000000000000000e+00,8.599999999999999312e-02
-4.960835509138381383e+01,1.000000000000000000e+00,1.000000000000000000e+00,9.199999999999999845e-02
-5.221932114882506681e+01,1.000000000000000000e+00,1.000000000000000000e+00,9.400000000000000022e-02
-5.613577023498694274e+01,1.000000000000000000e+00,1.000000000000000000e+00,1.000000000000000056e-01
-5.874673629242819572e+01,1.000000000000000000e+00,1.000000000000000000e+00,1.049999999999999961e-01
-6.266318537859007876e+01,1.000000000000000000e+00,1.000000000000000000e+00,1.089999999999999997e-01
-6.527415143603133174e+01,1.000000000000000000e+00,1.000000000000000000e+00,1.130000000000000032e-01
-6.788511749347257762e+01,1.000000000000000000e+00,1.000000000000000000e+00,1.170000000000000068e-01
-7.049608355091383771e+01,1.000000000000000000e+00,1.000000000000000000e+00,1.209999999999999964e-01
-7.571801566579634368e+01,1.000000000000000000e+00,1.000000000000000000e+00,1.260000000000000009e-01
-7.702349869451697373e+01,1.000000000000000000e+00,1.000000000000000000e+00,1.290000000000000036e-01
-8.093994778067884965e+01,1.000000000000000000e+00,1.000000000000000000e+00,1.330000000000000071e-01
-8.355091383812010974e+01,1.000000000000000000e+00,1.000000000000000000e+00,1.380000000000000115e-01
-8.746736292428198567e+01,1.000000000000000000e+00,1.000000000000000000e+00,1.419999999999999873e-01
-9.268929503916449164e+01,1.000000000000000000e+00,1.000000000000000000e+00,1.469999999999999918e-01
-9.530026109660573752e+01,1.000000000000000000e+00,1.000000000000000000e+00,1.509999999999999953e-01
-9.921671018276762766e+01,1.000000000000000000e+00,1.000000000000000000e+00,1.549999999999999989e-01
-1.031331592689295036e+02,1.000000000000000000e+00,1.000000000000000000e+00,1.600000000000000033e-01
-1.070496083550913795e+02,1.000000000000000000e+00,1.000000000000000000e+00,1.630000000000000060e-01
-1.109660574412532554e+02,1.000000000000000000e+00,1.000000000000000000e+00,1.670000000000000095e-01
-1.148825065274151456e+02,1.000000000000000000e+00,1.000000000000000000e+00,1.719999999999999862e-01
-1.187989556135770215e+02,1.000000000000000000e+00,1.000000000000000000e+00,1.769999999999999907e-01
-1.227154046997388974e+02,1.000000000000000000e+00,1.000000000000000000e+00,1.809999999999999942e-01
-1.266318537859007876e+02,1.000000000000000000e+00,1.000000000000000000e+00,1.849999999999999978e-01
-1.279373368146214034e+02,1.000000000000000000e+00,1.000000000000000000e+00,1.880000000000000004e-01
-1.318537859007832935e+02,1.000000000000000000e+00,1.000000000000000000e+00,1.910000000000000031e-01
-1.357702349869451552e+02,1.000000000000000000e+00,1.000000000000000000e+00,1.960000000000000075e-01
-1.436031331592689355e+02,1.000000000000000000e+00,1.000000000000000000e+00,2.030000000000000138e-01
-1.527415143603133174e+02,1.000000000000000000e+00,1.000000000000000000e+00,2.129999999999999949e-01
-1.631853785900783294e+02,1.000000000000000000e+00,1.000000000000000000e+00,2.220000000000000029e-01
-1.710182767624020812e+02,1.000000000000000000e+00,1.000000000000000000e+00,2.300000000000000100e-01
-1.853785900783289833e+02,1.000000000000000000e+00,1.000000000000000000e+00,2.419999999999999929e-01
-1.906005221932114750e+02,1.000000000000000000e+00,1.000000000000000000e+00,2.469999999999999973e-01
-2.023498694516971170e+02,1.000000000000000000e+00,1.000000000000000000e+00,2.570000000000000062e-01
-2.101827676240208973e+02,1.000000000000000000e+00,1.000000000000000000e+00,2.640000000000000124e-01
-2.206266318537859092e+02,1.000000000000000000e+00,1.000000000000000000e+00,2.730000000000000204e-01
-2.310704960835509212e+02,1.000000000000000000e+00,1.000000000000000000e+00,2.819999999999999729e-01
-2.441253263707571648e+02,1.000000000000000000e+00,1.000000000000000000e+00,2.919999999999999818e-01
-2.519582245430809451e+02,1.000000000000000000e+00,1.000000000000000000e+00,2.979999999999999871e-01
-2.650130548302872171e+02,1.000000000000000000e+00,1.000000000000000000e+00,3.089999999999999969e-01
-2.728459530026109405e+02,1.000000000000000000e+00,1.000000000000000000e+00,3.150000000000000022e-01
-2.885117493472585011e+02,1.000000000000000000e+00,1.000000000000000000e+00,3.260000000000000120e-01
-3.015665796344647447e+02,1.000000000000000000e+00,1.000000000000000000e+00,3.360000000000000209e-01
-3.093994778067885250e+02,1.000000000000000000e+00,1.000000000000000000e+00,3.410000000000000253e-01
-3.224543080939947686e+02,1.000000000000000000e+00,1.000000000000000000e+00,3.509999999999999787e-01
-3.328981723237598089e+02,1.000000000000000000e+00,1.000000000000000000e+00,3.589999999999999858e-01
-3.459530026109660525e+02,1.000000000000000000e+00,1.000000000000000000e+00,3.679999999999999938e-01
-3.563968668407310361e+02,1.000000000000000000e+00,1.000000000000000000e+00,3.750000000000000000e-01
-3.694516971279373365e+02,1.000000000000000000e+00,1.000000000000000000e+00,3.840000000000000080e-01
-3.825065274151435801e+02,1.000000000000000000e+00,1.000000000000000000e+00,3.930000000000000160e-01
-3.981723237597911407e+02,1.000000000000000000e+00,1.000000000000000000e+00,4.030000000000000249e-01
-4.086161879895561242e+02,1.000000000000000000e+00,1.000000000000000000e+00,4.089999999999999747e-01
-4.334203655352480382e+02,1.000000000000000000e+00,1.000000000000000000e+00,4.219999999999999862e-01
-4.425587467362923917e+02,1.000000000000000000e+00,1.000000000000000000e+00,4.289999999999999925e-01
-4.477806788511749119e+02,1.000000000000000000e+00,1.000000000000000000e+00,4.329999999999999960e-01
-4.621409921671018424e+02,1.000000000000000000e+00,1.000000000000000000e+00,4.450000000000000067e-01
-4.725848563968668259e+02,1.000000000000000000e+00,1.000000000000000000e+00,4.520000000000000129e-01
-4.921671018276762197e+02,1.000000000000000000e+00,1.000000000000000000e+00,4.650000000000000244e-01
-4.986945169712793700e+02,1.000000000000000000e+00,1.000000000000000000e+00,4.699999999999999734e-01
-5.078328981723237234e+02,1.000000000000000000e+00,1.000000000000000000e+00,4.769999999999999796e-01
-5.208877284595299670e+02,1.000000000000000000e+00,1.000000000000000000e+00,4.879999999999999893e-01
-2.334152334152334163e+01,1.000000000000000000e+00,1.000000000000000000e+00,4.900000000000000189e-02
-2.579852579852580163e+01,1.000000000000000000e+00,1.000000000000000000e+00,5.299999999999999850e-02
-2.825552825552825809e+01,1.000000000000000000e+00,1.000000000000000000e+00,5.600000000000000117e-02
-3.194103194103194454e+01,1.000000000000000000e+00,1.000000000000000000e+00,6.199999999999999956e-02
-3.562653562653562744e+01,1.000000000000000000e+00,1.000000000000000000e+00,6.600000000000000311e-02
-3.685503685503685745e+01,1.000000000000000000e+00,1.000000000000000000e+00,7.000000000000000666e-02
-3.931203931203931745e+01,1.000000000000000000e+00,1.000000000000000000e+00,7.399999999999999634e-02
-4.176904176904177035e+01,1.000000000000000000e+00,1.000000000000000000e+00,7.799999999999999989e-02
-4.299754299754300035e+01,1.000000000000000000e+00,1.000000000000000000e+00,8.200000000000000344e-02
-4.545454545454546036e+01,1.000000000000000000e+00,1.000000000000000000e+00,8.699999999999999400e-02
-4.791154791154791326e+01,1.000000000000000000e+00,1.000000000000000000e+00,9.199999999999999845e-02
-5.036855036855037326e+01,1.000000000000000000e+00,1.000000000000000000e+00,9.500000000000000111e-02
-5.405405405405405617e+01,1.000000000000000000e+00,1.000000000000000000e+00,1.000000000000000056e-01
-5.651105651105651617e+01,1.000000000000000000e+00,1.000000000000000000e+00,1.039999999999999952e-01
-6.019656019656019907e+01,1.000000000000000000e+00,1.000000000000000000e+00,1.089999999999999997e-01
-6.265356265356265908e+01,1.000000000000000000e+00,1.000000000000000000e+00,1.130000000000000032e-01
-6.511056511056511908e+01,1.000000000000000000e+00,1.000000000000000000e+00,1.160000000000000059e-01
-6.879606879606879488e+01,1.000000000000000000e+00,1.000000000000000000e+00,1.209999999999999964e-01
-7.616707616707617490e+01,1.000000000000000000e+00,1.000000000000000000e+00,1.320000000000000062e-01
-8.108108108108108070e+01,1.000000000000000000e+00,1.000000000000000000e+00,1.370000000000000107e-01
-8.353808353808354070e+01,1.000000000000000000e+00,1.000000000000000000e+00,1.409999999999999865e-01
-8.845208845208846071e+01,1.000000000000000000e+00,1.000000000000000000e+00,1.469999999999999918e-01
-9.090909090909092072e+01,1.000000000000000000e+00,1.000000000000000000e+00,1.499999999999999944e-01
-9.459459459459459651e+01,1.000000000000000000e+00,1.000000000000000000e+00,1.539999999999999980e-01
-9.950859950859951653e+01,1.000000000000000000e+00,1.000000000000000000e+00,1.600000000000000033e-01
-1.019656019656019765e+02,1.000000000000000000e+00,1.000000000000000000e+00,1.620000000000000051e-01
-1.056511056511056523e+02,1.000000000000000000e+00,1.000000000000000000e+00,1.660000000000000087e-01
-1.093366093366093423e+02,1.000000000000000000e+00,1.000000000000000000e+00,1.710000000000000131e-01
-1.142506142506142623e+02,1.000000000000000000e+00,1.000000000000000000e+00,1.769999999999999907e-01
-1.167076167076167224e+02,1.000000000000000000e+00,1.000000000000000000e+00,1.789999999999999925e-01
-1.203931203931203981e+02,1.000000000000000000e+00,1.000000000000000000e+00,1.819999999999999951e-01
-1.228501228501228582e+02,1.000000000000000000e+00,1.000000000000000000e+00,1.869999999999999996e-01
-1.302211302211302382e+02,1.000000000000000000e+00,1.000000000000000000e+00,1.940000000000000058e-01
-1.326781326781326982e+02,1.000000000000000000e+00,1.000000000000000000e+00,1.970000000000000084e-01
-1.400491400491400498e+02,1.000000000000000000e+00,1.000000000000000000e+00,2.049999999999999878e-01
-1.511056511056511056e+02,1.000000000000000000e+00,1.000000000000000000e+00,2.159999999999999976e-01
-1.584766584766584856e+02,1.000000000000000000e+00,1.000000000000000000e+00,2.230000000000000038e-01
-1.670761670761670814e+02,1.000000000000000000e+00,1.000000000000000000e+00,2.310000000000000109e-01
-1.781326781326781372e+02,1.000000000000000000e+00,1.000000000000000000e+00,2.409999999999999920e-01
-1.879606879606879772e+02,1.000000000000000000e+00,1.000000000000000000e+00,2.489999999999999991e-01
-1.977886977886977888e+02,1.000000000000000000e+00,1.000000000000000000e+00,2.580000000000000071e-01
-2.063882063882064131e+02,1.000000000000000000e+00,1.000000000000000000e+00,2.660000000000000142e-01
-2.174447174447174689e+02,1.000000000000000000e+00,1.000000000000000000e+00,2.750000000000000222e-01
-2.297297297297297405e+02,1.000000000000000000e+00,1.000000000000000000e+00,2.859999999999999765e-01
-2.395577395577395805e+02,1.000000000000000000e+00,1.000000000000000000e+00,2.939999999999999836e-01
-2.518427518427518521e+02,1.000000000000000000e+00,1.000000000000000000e+00,3.049999999999999933e-01
-2.604422604422604763e+02,1.000000000000000000e+00,1.000000000000000000e+00,3.109999999999999987e-01
-2.665847665847666121e+02,1.000000000000000000e+00,1.000000000000000000e+00,3.170000000000000040e-01
-2.837837837837838038e+02,1.000000000000000000e+00,1.000000000000000000e+00,3.290000000000000147e-01
-2.911547911547911553e+02,1.000000000000000000e+00,1.000000000000000000e+00,3.330000000000000182e-01
-3.009828009828009954e+02,1.000000000000000000e+00,1.000000000000000000e+00,3.420000000000000262e-01
-3.132678132678132670e+02,1.000000000000000000e+00,1.000000000000000000e+00,3.509999999999999787e-01
-3.304668304668305154e+02,1.000000000000000000e+00,1.000000000000000000e+00,3.619999999999999885e-01
-3.402948402948402986e+02,1.000000000000000000e+00,1.000000000000000000e+00,3.689999999999999947e-01
-3.476658476658477070e+02,1.000000000000000000e+00,1.000000000000000000e+00,3.760000000000000009e-01
-3.673218673218673302e+02,1.000000000000000000e+00,1.000000000000000000e+00,3.880000000000000115e-01
-3.722358722358722503e+02,1.000000000000000000e+00,1.000000000000000000e+00,3.920000000000000151e-01
-3.931203931203931461e+02,1.000000000000000000e+00,1.000000000000000000e+00,4.050000000000000266e-01
-3.992628992628992819e+02,1.000000000000000000e+00,1.000000000000000000e+00,4.089999999999999747e-01
-4.115479115479115535e+02,1.000000000000000000e+00,1.000000000000000000e+00,4.169999999999999818e-01
-4.287469287469288020e+02,1.000000000000000000e+00,1.000000000000000000e+00,4.259999999999999898e-01
-4.484029484029484252e+02,1.000000000000000000e+00,1.000000000000000000e+00,4.390000000000000013e-01
-4.533169533169533452e+02,1.000000000000000000e+00,1.000000000000000000e+00,4.460000000000000075e-01
-4.606879606879606968e+02,1.000000000000000000e+00,1.000000000000000000e+00,4.510000000000000120e-01
-4.742014742014742410e+02,1.000000000000000000e+00,1.000000000000000000e+00,4.610000000000000209e-01
-4.852579852579852968e+02,1.000000000000000000e+00,1.000000000000000000e+00,4.689999999999999725e-01
-4.914004914004914326e+02,1.000000000000000000e+00,1.000000000000000000e+00,4.759999999999999787e-01
-2.713178294573643257e+02,1.000000000000000000e+00,1.000000000000000000e+00,6.989999999999999547e-01
-3.294573643410852810e+02,1.000000000000000000e+00,1.000000000000000000e+00,7.339999999999999858e-01
-4.069767441860465169e+02,1.000000000000000000e+00,1.000000000000000000e+00,7.800000000000000266e-01
-4.844961240310077528e+02,1.000000000000000000e+00,1.000000000000000000e+00,8.509999999999999787e-01
-5.620155038759689887e+02,1.000000000000000000e+00,1.000000000000000000e+00,8.770000000000000018e-01
-6.007751937984495498e+02,1.000000000000000000e+00,1.000000000000000000e+00,9.000000000000000222e-01
-6.395348837209302246e+02,1.000000000000000000e+00,1.000000000000000000e+00,9.519999999999999574e-01
-7.945736434108526964e+02,1.000000000000000000e+00,1.000000000000000000e+00,1.000999999999999890e+00
-8.720930232558139323e+02,1.000000000000000000e+00,1.000000000000000000e+00,1.042999999999999927e+00
-9.883720930232558430e+02,1.000000000000000000e+00,1.000000000000000000e+00,1.062000000000000055e+00
-1.065891472868217079e+03,1.000000000000000000e+00,1.000000000000000000e+00,1.084999999999999964e+00
-1.182170542635658876e+03,1.000000000000000000e+00,1.000000000000000000e+00,1.173000000000000043e+00
-1.298449612403100673e+03,1.000000000000000000e+00,1.000000000000000000e+00,1.185999999999999943e+00
-1.414728682170542697e+03,1.000000000000000000e+00,1.000000000000000000e+00,1.217999999999999972e+00
-1.569767441860465169e+03,1.000000000000000000e+00,1.000000000000000000e+00,1.250999999999999890e+00
-1.686046511627906966e+03,1.000000000000000000e+00,1.000000000000000000e+00,1.300000000000000044e+00
-1.841085271317829438e+03,1.000000000000000000e+00,1.000000000000000000e+00,1.332000000000000073e+00
-1.996124031007751910e+03,1.000000000000000000e+00,1.000000000000000000e+00,1.377999999999999892e+00
-2.151162790697674154e+03,1.000000000000000000e+00,1.000000000000000000e+00,1.407000000000000028e+00
-2.306201550387596853e+03,1.000000000000000000e+00,1.000000000000000000e+00,1.461999999999999966e+00
-2.461240310077519098e+03,1.000000000000000000e+00,1.000000000000000000e+00,1.485000000000000098e+00
-2.616279069767441797e+03,1.000000000000000000e+00,1.000000000000000000e+00,1.546999999999999931e+00
-2.771317829457364041e+03,1.000000000000000000e+00,1.000000000000000000e+00,1.562999999999999945e+00
-3.003875968992248090e+03,1.000000000000000000e+00,1.000000000000000000e+00,1.618000000000000105e+00
-3.158914728682170335e+03,1.000000000000000000e+00,1.000000000000000000e+00,1.643999999999999906e+00
-3.391472868217054383e+03,1.000000000000000000e+00,1.000000000000000000e+00,1.699000000000000066e+00
-3.546511627906976628e+03,1.000000000000000000e+00,1.000000000000000000e+00,1.715000000000000080e+00
-3.934108527131782921e+03,1.000000000000000000e+00,1.000000000000000000e+00,1.786999999999999922e+00
-4.166666666666666970e+03,1.000000000000000000e+00,1.000000000000000000e+00,1.828999999999999959e+00
-4.321705426356588760e+03,1.000000000000000000e+00,1.000000000000000000e+00,1.854999999999999982e+00
-4.631782945736434158e+03,1.000000000000000000e+00,1.000000000000000000e+00,1.919999999999999929e+00
-2.288732394366197411e+02,1.000000000000000000e+00,1.000000000000000000e+00,5.979999999999999760e-01
-2.992957746478873560e+02,1.000000000000000000e+00,1.000000000000000000e+00,6.560000000000000275e-01
-3.697183098591549424e+02,1.000000000000000000e+00,1.000000000000000000e+00,6.820000000000000506e-01
-4.401408450704225856e+02,1.000000000000000000e+00,1.000000000000000000e+00,7.279999999999999805e-01
-5.105633802816901721e+02,1.000000000000000000e+00,1.000000000000000000e+00,7.730000000000000204e-01
-5.809859154929578153e+02,1.000000000000000000e+00,1.000000000000000000e+00,7.960000000000000409e-01
-6.514084507042254018e+02,1.000000000000000000e+00,1.000000000000000000e+00,8.279999999999999583e-01
-7.218309859154929882e+02,1.000000000000000000e+00,1.000000000000000000e+00,8.739999999999999991e-01
-8.274647887323944815e+02,1.000000000000000000e+00,1.000000000000000000e+00,8.970000000000000195e-01
-9.330985915492958611e+02,1.000000000000000000e+00,1.000000000000000000e+00,9.320000000000000506e-01
-1.038732394366197241e+03,1.000000000000000000e+00,1.000000000000000000e+00,9.969999999999999973e-01
-1.109154929577464827e+03,1.000000000000000000e+00,1.000000000000000000e+00,1.006999999999999895e+00
-1.250000000000000000e+03,1.000000000000000000e+00,1.000000000000000000e+00,1.036000000000000032e+00
-1.355633802816901607e+03,1.000000000000000000e+00,1.000000000000000000e+00,1.066000000000000059e+00
-1.496478873239436780e+03,1.000000000000000000e+00,1.000000000000000000e+00,1.092000000000000082e+00
-1.602112676056338159e+03,1.000000000000000000e+00,1.000000000000000000e+00,1.163000000000000034e+00
-1.742957746478873332e+03,1.000000000000000000e+00,1.000000000000000000e+00,1.183000000000000052e+00
-1.883802816901408505e+03,1.000000000000000000e+00,1.000000000000000000e+00,1.078999999999999959e+00
-2.024647887323943905e+03,1.000000000000000000e+00,1.000000000000000000e+00,1.221999999999999975e+00
-2.165492957746479078e+03,1.000000000000000000e+00,1.000000000000000000e+00,1.286999999999999922e+00
-2.306338028169014251e+03,1.000000000000000000e+00,1.000000000000000000e+00,1.302999999999999936e+00
-2.447183098591549424e+03,1.000000000000000000e+00,1.000000000000000000e+00,1.322000000000000064e+00
-2.588028169014084597e+03,1.000000000000000000e+00,1.000000000000000000e+00,1.364999999999999991e+00
-2.799295774647887356e+03,1.000000000000000000e+00,1.000000000000000000e+00,1.370999999999999996e+00
-2.940140845070422984e+03,1.000000000000000000e+00,1.000000000000000000e+00,1.397000000000000020e+00
-3.151408450704225743e+03,1.000000000000000000e+00,1.000000000000000000e+00,1.451999999999999957e+00
-3.292253521126760916e+03,1.000000000000000000e+00,1.000000000000000000e+00,1.459000000000000075e+00
-3.503521126760563675e+03,1.000000000000000000e+00,1.000000000000000000e+00,1.485000000000000098e+00
-3.714788732394366434e+03,1.000000000000000000e+00,1.000000000000000000e+00,1.552999999999999936e+00
-3.855633802816901607e+03,1.000000000000000000e+00,1.000000000000000000e+00,1.578999999999999959e+00
-3.996478873239436780e+03,1.000000000000000000e+00,1.000000000000000000e+00,1.588999999999999968e+00
-4.348591549295774712e+03,1.000000000000000000e+00,1.000000000000000000e+00,1.612000000000000099e+00
-2.181208053691275381e+02,1.000000000000000000e+00,1.000000000000000000e+00,5.879999999999999671e-01
-2.852348993288590577e+02,1.000000000000000000e+00,1.000000000000000000e+00,6.340000000000000080e-01
-3.691275167785234999e+02,1.000000000000000000e+00,1.000000000000000000e+00,6.989999999999999547e-01
-3.859060402684563655e+02,1.000000000000000000e+00,1.000000000000000000e+00,7.119999999999999662e-01
-4.865771812080537302e+02,1.000000000000000000e+00,1.000000000000000000e+00,7.800000000000000266e-01
-5.536912751677853066e+02,1.000000000000000000e+00,1.000000000000000000e+00,7.960000000000000409e-01
-6.208053691275167694e+02,1.000000000000000000e+00,1.000000000000000000e+00,8.319999999999999618e-01
-6.879194630872483458e+02,1.000000000000000000e+00,1.000000000000000000e+00,8.609999999999999876e-01
-7.718120805369127311e+02,1.000000000000000000e+00,1.000000000000000000e+00,8.800000000000000044e-01
-8.892617449664429614e+02,1.000000000000000000e+00,1.000000000000000000e+00,9.290000000000000480e-01
-9.563758389261745378e+02,1.000000000000000000e+00,1.000000000000000000e+00,9.489999999999999547e-01
-1.057046979865771846e+03,1.000000000000000000e+00,1.000000000000000000e+00,9.939999999999999947e-01
-1.191275167785234999e+03,1.000000000000000000e+00,1.000000000000000000e+00,1.036000000000000032e+00
-1.291946308724832306e+03,1.000000000000000000e+00,1.000000000000000000e+00,1.078999999999999959e+00
-1.392617449664429614e+03,1.000000000000000000e+00,1.000000000000000000e+00,1.094999999999999973e+00
-1.526845637583892767e+03,1.000000000000000000e+00,1.000000000000000000e+00,1.133999999999999897e+00
-1.661073825503355692e+03,1.000000000000000000e+00,1.000000000000000000e+00,1.165999999999999925e+00
-1.795302013422818845e+03,1.000000000000000000e+00,1.000000000000000000e+00,1.185999999999999943e+00
-1.929530201342281998e+03,1.000000000000000000e+00,1.000000000000000000e+00,1.227999999999999980e+00
-2.063758389261744924e+03,1.000000000000000000e+00,1.000000000000000000e+00,1.250999999999999890e+00
-2.197986577181208304e+03,1.000000000000000000e+00,1.000000000000000000e+00,1.276999999999999913e+00
-2.399328859060402920e+03,1.000000000000000000e+00,1.000000000000000000e+00,1.316000000000000059e+00
-2.667785234899328771e+03,1.000000000000000000e+00,1.000000000000000000e+00,1.342000000000000082e+00
-2.802013422818792151e+03,1.000000000000000000e+00,1.000000000000000000e+00,1.374000000000000110e+00
-3.003355704697986766e+03,1.000000000000000000e+00,1.000000000000000000e+00,1.391000000000000014e+00
-3.204697986577181382e+03,1.000000000000000000e+00,1.000000000000000000e+00,1.443000000000000060e+00
-3.338926174496644308e+03,1.000000000000000000e+00,1.000000000000000000e+00,1.471999999999999975e+00
-3.540268456375838923e+03,1.000000000000000000e+00,1.000000000000000000e+00,1.495000000000000107e+00
-3.741610738255033539e+03,1.000000000000000000e+00,1.000000000000000000e+00,1.514000000000000012e+00
-3.875838926174496919e+03,1.000000000000000000e+00,1.000000000000000000e+00,1.540000000000000036e+00
-2.096774193548387188e+02,1.000000000000000000e+00,1.000000000000000000e+00,6.009999999999999787e-01
-2.741935483870967687e+02,1.000000000000000000e+00,1.000000000000000000e+00,6.370000000000000107e-01
-3.387096774193548185e+02,1.000000000000000000e+00,1.000000000000000000e+00,6.820000000000000506e-01
-4.032258064516129252e+02,1.000000000000000000e+00,1.000000000000000000e+00,7.149999999999999689e-01
-4.677419354838709751e+02,1.000000000000000000e+00,1.000000000000000000e+00,7.469999999999999973e-01
-5.322580645161290249e+02,1.000000000000000000e+00,1.000000000000000000e+00,8.090000000000000524e-01
-5.967741935483870748e+02,1.000000000000000000e+00,1.000000000000000000e+00,8.219999999999999529e-01
-6.612903225806451246e+02,1.000000000000000000e+00,1.000000000000000000e+00,8.639999999999999902e-01
-7.580645161290323131e+02,1.000000000000000000e+00,1.000000000000000000e+00,8.930000000000000160e-01
-8.548387096774193878e+02,1.000000000000000000e+00,1.000000000000000000e+00,9.320000000000000506e-01
-9.516129032258064626e+02,1.000000000000000000e+00,1.000000000000000000e+00,9.519999999999999574e-01
-1.016129032258064512e+03,1.000000000000000000e+00,1.000000000000000000e+00,9.749999999999999778e-01
-1.145161290322580726e+03,1.000000000000000000e+00,1.000000000000000000e+00,1.004000000000000004e+00
-1.241935483870967801e+03,1.000000000000000000e+00,1.000000000000000000e+00,1.036000000000000032e+00
-1.370967741935483900e+03,1.000000000000000000e+00,1.000000000000000000e+00,1.056000000000000050e+00
-1.467741935483870975e+03,1.000000000000000000e+00,1.000000000000000000e+00,1.078999999999999959e+00
-1.629032258064516100e+03,1.000000000000000000e+00,1.000000000000000000e+00,1.118000000000000105e+00
-1.725806451612903174e+03,1.000000000000000000e+00,1.000000000000000000e+00,1.163000000000000034e+00
-1.854838709677419274e+03,1.000000000000000000e+00,1.000000000000000000e+00,1.191999999999999948e+00
-1.983870967741935601e+03,1.000000000000000000e+00,1.000000000000000000e+00,1.201999999999999957e+00
-2.177419354838709751e+03,1.000000000000000000e+00,1.000000000000000000e+00,1.250999999999999890e+00
-2.306451612903225850e+03,1.000000000000000000e+00,1.000000000000000000e+00,1.286999999999999922e+00
-2.435483870967741950e+03,1.000000000000000000e+00,1.000000000000000000e+00,1.316000000000000059e+00
-2.629032258064516100e+03,1.000000000000000000e+00,1.000000000000000000e+00,1.338999999999999968e+00
-2.758064516129032199e+03,1.000000000000000000e+00,1.000000000000000000e+00,1.354999999999999982e+00
-2.951612903225806349e+03,1.000000000000000000e+00,1.000000000000000000e+00,1.368000000000000105e+00
-3.080645161290322449e+03,1.000000000000000000e+00,1.000000000000000000e+00,1.399999999999999911e+00
-3.274193548387096598e+03,1.000000000000000000e+00,1.000000000000000000e+00,1.451999999999999957e+00
-3.403225806451613153e+03,1.000000000000000000e+00,1.000000000000000000e+00,1.481999999999999984e+00
-3.596774193548387302e+03,1.000000000000000000e+00,1.000000000000000000e+00,1.497999999999999998e+00
-3.725806451612903402e+03,1.000000000000000000e+00,1.000000000000000000e+00,1.542999999999999927e+00
-4.016129032258064399e+03,1.000000000000000000e+00,1.000000000000000000e+00,1.562999999999999945e+00
-2.372262773722627571e+02,1.000000000000000000e+00,1.000000000000000000e+00,6.109999999999999876e-01
-3.102189781021897375e+02,1.000000000000000000e+00,1.000000000000000000e+00,6.600000000000000311e-01
-3.649635036496350153e+02,1.000000000000000000e+00,1.000000000000000000e+00,7.209999999999999742e-01
-4.197080291970802364e+02,1.000000000000000000e+00,1.000000000000000000e+00,7.540000000000000036e-01
-5.291970802919707921e+02,1.000000000000000000e+00,1.000000000000000000e+00,7.830000000000000293e-01
-5.656934306569343107e+02,1.000000000000000000e+00,1.000000000000000000e+00,8.249999999999999556e-01
-6.751824817518247528e+02,1.000000000000000000e+00,1.000000000000000000e+00,8.739999999999999991e-01
-7.481751824817517900e+02,1.000000000000000000e+00,1.000000000000000000e+00,9.030000000000000249e-01
-8.211678832116787135e+02,1.000000000000000000e+00,1.000000000000000000e+00,9.320000000000000506e-01
-9.306569343065692692e+02,1.000000000000000000e+00,1.000000000000000000e+00,9.549999999999999600e-01
-1.040145985401459711e+03,1.000000000000000000e+00,1.000000000000000000e+00,9.909999999999999920e-01
-1.113138686131386748e+03,1.000000000000000000e+00,1.000000000000000000e+00,1.010000000000000009e+00
-1.259124087591240823e+03,1.000000000000000000e+00,1.000000000000000000e+00,1.066000000000000059e+00
-1.368613138686131379e+03,1.000000000000000000e+00,1.000000000000000000e+00,1.084999999999999964e+00
-1.514598540145985226e+03,1.000000000000000000e+00,1.000000000000000000e+00,1.114000000000000101e+00
-1.660583941605839300e+03,1.000000000000000000e+00,1.000000000000000000e+00,1.133999999999999897e+00
-1.770072992700729856e+03,1.000000000000000000e+00,1.000000000000000000e+00,1.165999999999999925e+00
-1.879562043795620184e+03,1.000000000000000000e+00,1.000000000000000000e+00,1.205000000000000071e+00
-2.062043795620437777e+03,1.000000000000000000e+00,1.000000000000000000e+00,1.221999999999999975e+00
-2.244525547445255143e+03,1.000000000000000000e+00,1.000000000000000000e+00,1.282999999999999918e+00
-2.390510948905109217e+03,1.000000000000000000e+00,1.000000000000000000e+00,1.302999999999999936e+00
-2.536496350364963291e+03,1.000000000000000000e+00,1.000000000000000000e+00,1.354999999999999982e+00
-2.682481751824817366e+03,1.000000000000000000e+00,1.000000000000000000e+00,1.370999999999999996e+00
-2.828467153284671440e+03,1.000000000000000000e+00,1.000000000000000000e+00,1.423000000000000043e+00
-2.974452554744525514e+03,1.000000000000000000e+00,1.000000000000000000e+00,1.451999999999999957e+00
-3.229927007299269917e+03,1.000000000000000000e+00,1.000000000000000000e+00,1.477999999999999980e+00
-3.412408759124087283e+03,1.000000000000000000e+00,1.000000000000000000e+00,1.508000000000000007e+00
-3.631386861313868394e+03,1.000000000000000000e+00,1.000000000000000000e+00,1.514000000000000012e+00
-3.777372262773722468e+03,1.000000000000000000e+00,1.000000000000000000e+00,1.540000000000000036e+00
-3.996350364963503125e+03,1.000000000000000000e+00,1.000000000000000000e+00,1.568999999999999950e+00
-4.142335766423357200e+03,1.000000000000000000e+00,1.000000000000000000e+00,1.598999999999999977e+00
-4.434306569343065348e+03,1.000000000000000000e+00,1.000000000000000000e+00,1.653999999999999915e+00
