experiment,dataset,method,original_rows,training_rows,chop_grid_s,chop_grid_T,max_rows_per_cell,smoothing_type,smoothing_strength,model_regularization_type,model_regularization_strength,test_obs_q_RMSE,clean_q_RMSE,clean_dq_ds_RMSE,clean_dq_dT_RMSE,test_obs_q_RMSE/noise,clean_dq_ds_RMSE/noise,clean_dq_dT_RMSE/noise,entropy_violation_%,worst_entropy_violation,deriv_violation_%,worst_deriv_violation,status,build_s,newton_steps,flux_calls,final_residual,rel_solution_err,solve_total_s,flux_eval_s,nonflux_s,avg_flux_eval_us
model_and_data_regularization_sweep_noisy,linear_medium_noise,ridge_rff+ridge=1e-6,3000,289,17,17,1,none,0.0,ridge,1e-06,0.14161497346374424,0.08328531591328647,0.27225729722133213,0.5400086882212612,1.03690482577009,1.1229552893307917,1.111549783665951,0.4,0.0001761193510119172,0.4,0.39382482557776693,ok,0.2888890000176616,4.0,720,3.192195285879675e-14,0.003578822573997133,0.3567480999918189,0.2809719005890656,0.07577619940275326,390.2387508181467
model_and_data_regularization_sweep_noisy,linear_medium_noise,ridge_rff+ridge=1e-6+reg=gradient:0.03,3000,289,17,17,1,gradient,0.03,ridge,1e-06,0.21026867485598763,0.1772869888472138,0.2529282681482258,0.49681312827441015,1.796940180783503,1.0432305743027577,1.0226363710458581,0.4,0.0002887723647507622,0.0,0.0,ok,0.36173790000611916,3.0,560,1.660354217289996e-10,0.0043750624132878856,0.2576716000039596,0.19805389994871803,0.059617700055241585,353.66767847985363
model_and_data_regularization_sweep_noisy,linear_medium_noise,ridge_rff+ridge=1e-6+reg=gradient:0.3,3000,289,17,17,1,gradient,0.3,ridge,1e-06,0.21410449368108347,0.17713441958476106,0.21693394583618297,0.33896451285071194,1.7027704894984383,0.8947680168664137,0.697721979567974,0.2,0.00024089975695038593,0.0,0.0,ok,0.26676110000698827,3.0,560,3.155088860812049e-12,0.00487957956274672,0.2661216999986209,0.2072262997389771,0.05889540025964379,370.04696381960196
model_and_data_regularization_sweep_noisy,linear_medium_noise,ridge_rff+ridge=1e-6+reg=laplacian:0.01,3000,289,17,17,1,laplacian,0.01,ridge,1e-06,0.21011660247229666,0.17754343625425006,0.25730925868230053,0.5081555689631552,1.805211945186611,1.0613004535785662,1.0459835648388822,0.4,0.0003020149568849233,0.0,0.0,ok,0.325232999981381,3.0,560,1.8136213676248333e-10,0.004281689653877082,0.26068320000194944,0.20189200015738606,0.05879119984456338,360.52142885247514
model_and_data_regularization_sweep_noisy,linear_medium_noise,ridge_rff+ridge=1e-6+reg=laplacian:0.1,3000,289,17,17,1,laplacian,0.1,ridge,1e-06,0.20567502105222482,0.17003455288221198,0.21837869357378303,0.40983963056985295,1.732583605739507,0.9007270384619589,0.8436107837416773,0.4,0.0002061622677117103,0.0,0.0,ok,0.32248279999475926,3.0,560,8.684450696396383e-12,0.004495913292284126,0.2599091000156477,0.2018036003864836,0.058105499629164115,360.3635721187207
model_and_data_regularization_sweep_noisy,linear_medium_noise,ridge_rff+ridge=1e-4,3000,289,17,17,1,none,0.0,ridge,0.0001,0.13599139126270768,0.0694340348510268,0.17335866583226142,0.33753592400740984,1.0317453386166098,0.7150369622210951,0.6947813831398858,0.2,6.781593108260452e-05,0.0,0.0,ok,0.2851244999910705,3.0,560,2.1444380661141583e-11,0.005011018424026393,0.2704271999828052,0.21124399980180897,0.05918320018099621,377.221428217516
model_and_data_regularization_sweep_noisy,linear_medium_noise,ridge_rff+ridge=1e-4+reg=gradient:0.03,3000,289,17,17,1,gradient,0.03,ridge,0.0001,0.20582948052000702,0.1677892478826425,0.18574957233528966,0.3369686045705923,1.7050271853263117,0.7661446244920062,0.6936136171186739,0.4,8.072836173074123e-05,0.0,0.0,ok,0.2904046999756247,3.0,560,8.761958889117561e-13,0.005968590564194993,0.264451499999268,0.20583460002671927,0.05861689997254871,367.5617857619987
model_and_data_regularization_sweep_noisy,linear_medium_noise,ridge_rff+ridge=1e-4+reg=gradient:0.3,3000,289,17,17,1,gradient,0.3,ridge,0.0001,0.21318885866267984,0.1742099126744849,0.18768716308030192,0.2546481129767134,1.6564000616181773,0.7741364314991148,0.5241657422634483,0.4,0.00018144421133269302,0.0,0.0,ok,0.32471559999976307,3.0,560,4.3154630312945594e-13,0.005663449181561294,0.26459089998388663,0.20585099977324717,0.05873990021063946,367.5910710236557
model_and_data_regularization_sweep_noisy,linear_medium_noise,ridge_rff+ridge=1e-4+reg=laplacian:0.01,3000,289,17,17,1,laplacian,0.01,ridge,0.0001,0.205404534008786,0.16749405200377893,0.18911069873467543,0.3444817808483413,1.7119654906111756,0.7800079615148195,0.7090786821228766,0.4,8.268100799673385e-05,0.0,0.0,ok,0.2837724999990314,3.0,560,8.748633796768718e-13,0.00599300298669664,0.27934569999342784,0.21687999996356666,0.06246570002986118,387.28571422065477
model_and_data_regularization_sweep_noisy,linear_medium_noise,ridge_rff+ridge=1e-4+reg=laplacian:0.1,3000,289,17,17,1,laplacian,0.1,ridge,0.0001,0.2033872266351958,0.16418501723161893,0.17995496162680055,0.3046037226972191,1.6786941081578968,0.742244112692608,0.6269939900100416,0.4,0.00010975522750922284,0.0,0.0,ok,0.300884500000393,3.0,560,6.845016110586027e-13,0.00600936828876241,0.2664482000109274,0.20761019989731722,0.05883800011361018,370.73249981663787
model_and_data_regularization_sweep_noisy,linear_medium_noise,ridge_rff+ridge=1e-2,3000,289,17,17,1,none,0.0,ridge,0.01,0.13147471617064319,0.06163446308686824,0.15848395779844546,0.24902584345981857,1.0256007106141853,0.6536845862359417,0.5125929053785433,0.0,0.0,0.0,0.0,ok,0.2908508999971673,3.0,560,1.8114136758357745e-12,0.0029942374313757306,0.2565861000039149,0.2015661998593714,0.0550199001445435,359.93964260602036
model_and_data_regularization_sweep_noisy,linear_medium_noise,ridge_rff+ridge=1e-2+reg=gradient:0.03,3000,289,17,17,1,gradient,0.03,ridge,0.01,0.1988905005726096,0.1589905673994272,0.18762614747642498,0.23573295596083402,1.5957110140292545,0.7738847659026198,0.48523092668064144,0.4,0.0005567257043454725,0.0,0.0,ok,0.26521079998929054,3.0,560,1.86945438811297e-11,0.007943999545808393,0.252867300005164,0.19556469953386113,0.05730260047130287,349.22267773903775
model_and_data_regularization_sweep_noisy,linear_medium_noise,ridge_rff+ridge=1e-2+reg=gradient:0.3,3000,289,17,17,1,gradient,0.3,ridge,0.01,0.20856692361950327,0.1686355138585229,0.210736961615395,0.20094915291607449,1.5874164763953142,0.8692078710791146,0.41363221059917077,0.4,0.0006116438490521237,0.0,0.0,ok,0.26242939999792725,3.0,560,5.487137784463611e-12,0.00694852506661099,0.24083510000491515,0.1873590002360288,0.05347609976888634,334.5696432786229
model_and_data_regularization_sweep_noisy,linear_medium_noise,ridge_rff+ridge=1e-2+reg=laplacian:0.01,3000,289,17,17,1,laplacian,0.01,ridge,0.01,0.19814130191146712,0.15830061181201355,0.18605932094821515,0.23982751395038593,1.5975474596726784,0.7674222168533407,0.4936591337572455,0.4,0.0005557863553691208,0.0,0.0,ok,0.2624725000059698,3.0,560,2.0492425718911546e-11,0.00815388300857376,0.24373729998478666,0.18981109952437691,0.053926200460409746,338.9483920078159
model_and_data_regularization_sweep_noisy,linear_medium_noise,ridge_rff+ridge=1e-2+reg=laplacian:0.1,3000,289,17,17,1,laplacian,0.1,ridge,0.01,0.19703661245488407,0.15658637468830663,0.18198149051197998,0.2323302772481449,1.5806083959288395,0.7506027548807872,0.4782268786542426,0.4,0.0006368223184416824,0.0,0.0,ok,0.2628760999941733,3.0,560,1.9769352349383284e-11,0.008320896115554073,0.24974180001299828,0.19376029973500408,0.0559815002779942,346.0005352410787
model_and_data_regularization_sweep_noisy,linear_medium_noise,ridge_rff+ridge=1e-1,3000,289,17,17,1,none,0.0,ridge,0.1,0.14306618579590646,0.0778320044709099,0.2736518324655504,0.3181591492265446,1.0411847962957201,1.1287072039521289,0.6548963770545955,0.2,0.00013870074174691924,0.0,0.0,ok,0.2604212999867741,3.0,560,3.590421857773185e-12,0.0014820043107448104,0.24948880000738427,0.1943967004190199,0.05509209958836436,347.13696503396415
model_and_data_regularization_sweep_noisy,linear_medium_noise,ridge_rff+ridge=1e-1+reg=gradient:0.03,3000,289,17,17,1,gradient,0.03,ridge,0.1,0.19830507610933895,0.15695704779387068,0.24867888867045815,0.24378509019504177,1.5947628592727179,1.025703539363255,0.5018053786502281,0.4,0.000899461965245503,0.0,0.0,ok,0.26319869997678325,3.0,560,1.0884672638611175e-11,0.006821523956176349,0.2477579999831505,0.1924229001160711,0.05533509986707941,343.6123216358413
model_and_data_regularization_sweep_noisy,linear_medium_noise,ridge_rff+ridge=1e-1+reg=gradient:0.3,3000,289,17,17,1,gradient,0.3,ridge,0.1,0.21071004628741127,0.16968492409603483,0.27771040512185463,0.22403857199259536,1.6060632625482243,1.1454472350846094,0.46115929551333673,0.4,0.0008737115356685715,0.0,0.0,ok,0.2578235999972094,3.0,560,2.7045552619676584e-12,0.00588555960630353,0.24701469999854453,0.19218270009150729,0.05483199990703724,343.18339302054875
model_and_data_regularization_sweep_noisy,linear_medium_noise,ridge_rff+ridge=1e-1+reg=laplacian:0.01,3000,289,17,17,1,laplacian,0.01,ridge,0.1,0.19717895342377664,0.1558438045258147,0.2452051072848645,0.2460964241013612,1.5943695471952237,1.0113755444086883,0.5065630108135397,0.4,0.0009068014813440017,0.0,0.0,ok,0.26034579999395646,3.0,560,1.2821128176550975e-11,0.007007653504722468,0.24760269999387674,0.19194130034884438,0.05566139964503236,342.7523220515078
model_and_data_regularization_sweep_noisy,linear_medium_noise,ridge_rff+ridge=1e-1+reg=laplacian:0.1,3000,289,17,17,1,laplacian,0.1,ridge,0.1,0.19664867530419575,0.15489634055798357,0.24318788747357128,0.243310032948839,1.5849497862067494,1.0030552985238073,0.5008275244216508,0.4,0.0009441343172642133,0.0,0.0,ok,0.25478660000953823,3.0,560,1.0420268891329733e-11,0.007078511022174083,0.24800819999654777,0.19220019996282645,0.05580800003372133,343.2146427907615
model_and_data_regularization_sweep_noisy,linear_medium_noise,penalty_rff+ridge=1e-6,3000,289,17,17,1,none,0.0,ridge,1e-06,0.13918611870848924,0.07372110264858824,0.2109502959327484,0.4186087323543061,1.0315383949767778,0.8700877920307759,0.8616610362729102,0.2,0.00010886075939507098,0.0,0.0,ok,1.2730619999929331,3.0,560,6.585053275120833e-09,0.0037275209445533407,0.1769790000107605,0.12358919967664406,0.053389800334116444,220.69499942257866
model_and_data_regularization_sweep_noisy,linear_medium_noise,penalty_rff+ridge=1e-6+reg=gradient:0.03,3000,289,17,17,1,gradient,0.03,ridge,1e-06,0.20709348922878135,0.17117491219656047,0.20302881098956313,0.4041991708901651,1.7378030930602724,0.837414752567402,0.8320005043637932,0.4,0.00022570936934327194,0.0,0.0,ok,1.2619493000092916,3.0,560,4.1072850471024454e-14,0.0051911231017612745,0.17991299999994226,0.1260434999712743,0.05386950002866797,225.07767852013265
model_and_data_regularization_sweep_noisy,linear_medium_noise,penalty_rff+ridge=1e-6+reg=gradient:0.3,3000,289,17,17,1,gradient,0.3,ridge,1e-06,0.21330798791256414,0.17529694269612325,0.19526982251524713,0.2927147671439202,1.674611895919448,0.8054119477353003,0.6025218541693887,0.4,0.0002941758979671009,0.0,0.0,ok,1.3106109999935143,3.0,560,3.1164654430087854e-14,0.005410371555498456,0.18133279998437501,0.1272361999435816,0.05409660004079342,227.20749989925284
model_and_data_regularization_sweep_noisy,linear_medium_noise,penalty_rff+ridge=1e-6+reg=laplacian:0.01,3000,289,17,17,1,laplacian,0.01,ridge,1e-06,0.20678715454934324,0.17112004725729002,0.2066109642516885,0.4138351675390758,1.7447572718062248,0.8521897392948544,0.8518351667018811,0.4,0.00021860157469443626,0.0,0.0,ok,1.3006163999962155,3.0,560,4.172961951023286e-14,0.005107878835421456,0.1656403999950271,0.11721000002580695,0.04843039996922016,209.30357147465526
model_and_data_regularization_sweep_noisy,linear_medium_noise,penalty_rff+ridge=1e-6+reg=laplacian:0.1,3000,289,17,17,1,laplacian,0.1,ridge,1e-06,0.20422352889412476,0.1666700804704108,0.18898626209714675,0.35248096503968346,1.6981037154937833,0.779494708861078,0.7255441421262669,0.4,0.00027188905334051927,0.0,0.0,ok,1.2865991999860853,3.0,560,3.460406840703734e-14,0.005220535120099409,0.16798349999589846,0.11757090003811754,0.05041259995778091,209.94803578235275
model_and_data_regularization_sweep_noisy,linear_medium_noise,penalty_rff+ridge=1e-4,3000,289,17,17,1,none,0.0,ridge,0.0001,0.13408685521207012,0.06356816918159432,0.13536751220068588,0.2821310503366985,1.0342695131590398,0.5583382534857549,0.5807364118532667,0.0,0.0,0.0,0.0,ok,1.2884232999931555,3.0,560,2.7896203649398966e-12,0.0042566051856857265,0.16226270000333898,0.11086830045678653,0.05139439954655245,197.97910795854736
model_and_data_regularization_sweep_noisy,linear_medium_noise,penalty_rff+ridge=1e-4+reg=gradient:0.03,3000,289,17,17,1,gradient,0.03,ridge,0.0001,0.20454979888554622,0.16513316935089828,0.17687607019927798,0.27840006826146874,1.6638211473606805,0.7295448849800779,0.5730565866781505,0.4,0.00020330569227221788,0.0,0.0,ok,1.2806784999847878,3.0,560,3.1427569629421435e-12,0.006498623063496012,0.15718800001195632,0.11141090036835521,0.045777099643601105,198.9480363720629
model_and_data_regularization_sweep_noisy,linear_medium_noise,penalty_rff+ridge=1e-4+reg=gradient:0.3,3000,289,17,17,1,gradient,0.3,ridge,0.0001,0.212785067538342,0.1730869185746051,0.1828858735156268,0.22260223034191776,1.634212277146681,0.7543329824555525,0.4582027407654122,0.4,0.0003436917096540541,0.0,0.0,ok,1.2796931999910157,3.0,560,1.2865330708316745e-12,0.005932689479582236,0.19065060000866652,0.13017570017836988,0.060474899830296636,232.45660746137477
model_and_data_regularization_sweep_noisy,linear_medium_noise,penalty_rff+ridge=1e-4+reg=laplacian:0.01,3000,289,17,17,1,laplacian,0.01,ridge,0.0001,0.20403166414094517,0.16469754486673538,0.1797370169047106,0.2847899293149795,1.6687987047846682,0.7413451756174572,0.5862094281538697,0.4,0.00018847242220824796,0.0,0.0,ok,1.3142942000122275,3.0,560,3.1101527910620583e-12,0.006593737146476853,0.17702319999807514,0.122527300438378,0.054495899559697136,218.79875078281788
model_and_data_regularization_sweep_noisy,linear_medium_noise,penalty_rff+ridge=1e-4+reg=laplacian:0.1,3000,289,17,17,1,laplacian,0.1,ridge,0.0001,0.20245908276136235,0.16229673197854108,0.17250240698981054,0.26661879333349414,1.645052443805732,0.7115052280638109,0.5488060998190695,0.4,0.00028685019469165365,0.0,0.0,ok,1.3277796999900602,3.0,560,1.942706482219308e-12,0.00663445105217323,0.162643499992555,0.11390649975510314,0.048737000237451866,203.40446384839848
model_and_data_regularization_sweep_noisy,linear_medium_noise,penalty_rff+ridge=1e-2,3000,289,17,17,1,none,0.0,ridge,0.01,0.12710493947896187,0.05086539937306557,0.1033248902494853,0.17351459288958682,0.9709010452841198,0.42617492059673556,0.3571611205453047,0.0,0.0,0.0,0.0,ok,1.2927071999874897,3.0,560,3.478738179880182e-14,0.002849798055386032,0.19077760001528077,0.13165249989833683,0.05912510011694394,235.09374981845863
model_and_data_regularization_sweep_noisy,linear_medium_noise,penalty_rff+ridge=1e-2+reg=gradient:0.03,3000,289,17,17,1,gradient,0.03,ridge,0.01,0.1973991120299784,0.154783050178902,0.15501254645495133,0.20275462359677104,1.5673499139738292,0.6393663667817517,0.4173485777397698,0.4,0.0008475087365685354,0.0,0.0,ok,1.3750524999923073,3.0,560,8.686662495989158e-13,0.007923017381984608,0.18210730000282638,0.12760200040065683,0.054505299602169544,227.8607150011729
model_and_data_regularization_sweep_noisy,linear_medium_noise,penalty_rff+ridge=1e-2+reg=gradient:0.3,3000,289,17,17,1,gradient,0.3,ridge,0.01,0.20928191640497512,0.1675752684623374,0.17722661810156992,0.17627920995335303,1.5843214650491706,0.7309907585161048,0.36285178731822415,0.4,0.0008157415362046908,0.0,0.0,ok,1.3339860000123736,3.0,560,1.0530487335496357e-13,0.006984803745630606,0.18181390000972897,0.1273303003399633,0.05448359966976568,227.375536321363
model_and_data_regularization_sweep_noisy,linear_medium_noise,penalty_rff+ridge=1e-2+reg=laplacian:0.01,3000,289,17,17,1,laplacian,0.01,ridge,0.01,0.19640242175356487,0.15371265995452044,0.15388320806198197,0.20575762269060915,1.5664672388114005,0.6347082858606065,0.4235299282734062,0.4,0.0008546753358448936,0.0,0.0,ok,1.3238321999961045,3.0,560,1.0528409724412007e-12,0.008119244347327756,0.18704749998869374,0.13076169983833097,0.056285800150362775,233.503035425591
model_and_data_regularization_sweep_noisy,linear_medium_noise,penalty_rff+ridge=1e-2+reg=laplacian:0.1,3000,289,17,17,1,laplacian,0.1,ridge,0.01,0.19593891005902414,0.1527806517478856,0.15091690905040536,0.2017014585948671,1.5588547226894003,0.6224734580018744,0.41518075089630385,0.4,0.0008847244076909928,0.0,0.0,ok,1.3231632999959402,3.0,560,7.501230389936213e-13,0.008214535735474458,0.18682380000245757,0.13060880050761625,0.05621499949484132,233.2300009064576
model_and_data_regularization_sweep_noisy,linear_medium_noise,penalty_rff+ridge=1e-1,3000,289,17,17,1,none,0.0,ridge,0.1,0.13487822093598584,0.06170663459183582,0.16351551759199998,0.18297869322738458,0.9892070153390858,0.6744378102685847,0.37664195282176915,0.0,0.0,0.0,0.0,ok,1.3534620999998879,3.0,560,1.8325380390779943e-13,0.0028554099228863578,0.1896007000177633,0.13265649965615012,0.056944200361613184,236.8866065288395
model_and_data_regularization_sweep_noisy,linear_medium_noise,penalty_rff+ridge=1e-1+reg=gradient:0.03,3000,289,17,17,1,gradient,0.03,ridge,0.1,0.19540306406284721,0.14773125797307407,0.16590808284777933,0.16193705406011863,1.546119932732007,0.6843062098908079,0.3333300025244654,0.4,0.0010096698259066538,0.0,0.0,ok,1.267037799989339,3.0,560,2.4177384696628577e-14,0.004461738723691945,0.16651069998624735,0.11820989966508932,0.04830080032115802,211.08910654480238
model_and_data_regularization_sweep_noisy,linear_medium_noise,penalty_rff+ridge=1e-1+reg=gradient:0.3,3000,289,17,17,1,gradient,0.3,ridge,0.1,0.2112973839070922,0.1654133860602533,0.20167719690641892,0.15040629910513462,1.5746849966761087,0.8318398710149458,0.30959518407564446,0.4,0.0009312861619451073,0.0,0.0,ok,1.2741670999967027,3.0,560,4.005120905740988e-14,0.0046306625021451,0.16125999999349006,0.11364790005609393,0.047612099937396124,202.9426786715963
model_and_data_regularization_sweep_noisy,linear_medium_noise,penalty_rff+ridge=1e-1+reg=laplacian:0.01,3000,289,17,17,1,laplacian,0.01,ridge,0.1,0.19379251599908662,0.1459388936687809,0.16158539533197436,0.16323177752510154,1.5438282437984636,0.6664768078525913,0.33599505147423214,0.4,0.001018657045306476,0.0,0.0,ok,1.2429132999968715,3.0,560,2.223219874253422e-14,0.004475602927867125,0.18343179998919368,0.12889959986205213,0.05453220012714155,230.17785689652166
model_and_data_regularization_sweep_noisy,linear_medium_noise,penalty_rff+ridge=1e-1+reg=laplacian:0.1,3000,289,17,17,1,laplacian,0.1,ridge,0.1,0.19368869263112057,0.14570551784584682,0.16159647944661495,0.16204316693495627,1.5424387990269737,0.666522525507509,0.33354842446033917,0.4,0.0010127907158372367,0.0,0.0,ok,1.2772604000056162,3.0,560,2.419267426035027e-14,0.004462801363909451,0.18162249997840263,0.1260173000919167,0.055605199886485934,225.0308930212798
model_and_data_regularization_sweep_noisy,linear_medium_noise,kissgp+ridge=1e-6,3000,289,17,17,1,none,0.0,ridge,1e-06,0.16168796225720092,0.10215899020969949,0.22066121299048552,0.18535655979437274,1.2029942332197339,0.9101415418679137,0.38153653530863313,0.0,0.0,0.0,0.0,ok,1.889567000005627,3.0,560,1.2057204463155048e-10,0.007623732381472157,4.069627799995942,3.980861099844333,0.08876670015160926,7108.680535436309
model_and_data_regularization_sweep_noisy,linear_medium_noise,kissgp+ridge=1e-6+reg=gradient:0.03,3000,289,17,17,1,gradient,0.03,ridge,1e-06,0.20978693364008583,0.1610164997940628,0.21769042822773177,0.14138761328405344,1.4094260604268962,0.8978882120330642,0.2910311896584538,1.0,0.0005429938319214687,0.0,0.0,ok,0.730530800006818,3.0,560,1.0177442394859046e-11,0.006440697974021654,3.929828499996802,3.845160700089764,0.08466779990703799,6866.358393017435
model_and_data_regularization_sweep_noisy,linear_medium_noise,kissgp+ridge=1e-6+reg=gradient:0.3,3000,289,17,17,1,gradient,0.3,ridge,1e-06,0.22984565626060394,0.18338405838930583,0.25369085231691096,0.13831485735176938,1.461026374169223,1.0463759369230616,0.2847062521782087,1.0,0.0004484649499517395,0.0,0.0,ok,0.7968452999775764,3.0,560,3.989363742767132e-11,0.007532417101151187,3.841860100015765,3.761561999999685,0.08029810001607984,6717.074999999438
model_and_data_regularization_sweep_noisy,linear_medium_noise,kissgp+ridge=1e-6+reg=laplacian:0.01,3000,289,17,17,1,laplacian,0.01,ridge,1e-06,0.20731818625205978,0.1581491333448556,0.21312812433888387,0.14168816952206015,1.4022985545238662,0.8790704858020159,0.29164985233670854,1.0,0.0005429887556060943,0.0,0.0,ok,0.9728771000227425,3.0,560,8.421940246555927e-12,0.006341782519220441,3.607193300005747,3.5304256001254544,0.07676769988029264,6304.3314287954545
model_and_data_regularization_sweep_noisy,linear_medium_noise,kissgp+ridge=1e-6+reg=laplacian:0.1,3000,289,17,17,1,laplacian,0.1,ridge,1e-06,0.20589459301377375,0.1561075782345297,0.21351423474122522,0.1409886406837026,1.3833017090025277,0.8806630407968683,0.2902099474872039,1.0,0.00048101061504866296,0.0,0.0,ok,0.8210056999814697,3.0,560,8.142760546966725e-12,0.006116932308352754,3.554318400012562,3.479112200147938,0.07520619986462407,6212.700357407032
model_and_data_regularization_sweep_noisy,linear_medium_noise,kissgp+ridge=1e-4,3000,289,17,17,1,none,0.0,ridge,0.0001,0.1614767047338044,0.10185105849172886,0.22034886895519695,0.1853911878990674,1.2005110549811713,0.9088532444004153,0.38160781353641293,0.0,0.0,0.0,0.0,ok,0.7715806000051089,3.0,560,1.184664679172886e-10,0.007570262462220743,4.059521899995161,3.9721483000321314,0.08737359996302985,7093.121964343091
model_and_data_regularization_sweep_noisy,linear_medium_noise,kissgp+ridge=1e-4+reg=gradient:0.03,3000,289,17,17,1,gradient,0.03,ridge,0.0001,0.2096560193856455,0.16087115969074933,0.21731873052566625,0.14141187630532817,1.4098736991734802,0.896355103812177,0.29108113247722184,1.0,0.0005434922898717144,0.0,0.0,ok,0.7342486999987159,3.0,560,9.948584920298234e-12,0.006388601239103728,3.506592099991394,3.4307235002343077,0.07586859975708649,6126.291964704121
model_and_data_regularization_sweep_noisy,linear_medium_noise,kissgp+ridge=1e-4+reg=gradient:0.3,3000,289,17,17,1,gradient,0.3,ridge,0.0001,0.22969114003142277,0.18321554979365054,0.2533115685899729,0.138288688698632,1.460891801860133,1.0448115393048192,0.2846523868212837,1.0,0.0004494017141370352,0.0,0.0,ok,0.7848324999795295,3.0,560,3.914174047243222e-11,0.007473138947907772,3.6120236000278965,3.53533409992815,0.07668950009974651,6313.096607014553
model_and_data_regularization_sweep_noisy,linear_medium_noise,kissgp+ridge=1e-4+reg=laplacian:0.01,3000,289,17,17,1,laplacian,0.01,ridge,0.0001,0.20719094945097852,0.15800773283333633,0.21275999713002364,0.14171599411258579,1.4028144413419215,0.8775521044746639,0.29170712626258044,1.0,0.0005434733997273381,0.0,0.0,ok,0.8455741000070702,3.0,560,8.221912989832061e-12,0.00629047279868693,3.677090799988946,3.597551299870247,0.07953950011869892,6424.1987497682985
model_and_data_regularization_sweep_noisy,linear_medium_noise,kissgp+ridge=1e-4+reg=laplacian:0.1,3000,289,17,17,1,laplacian,0.1,ridge,0.0001,0.20576367889893774,0.15596100221443854,0.21314608086034045,0.14100473274805386,1.3836932651301084,0.8791445494578056,0.29024307127028104,1.0,0.00048207826579232786,0.0,0.0,ok,0.7290633999800775,3.0,560,7.948150957420947e-12,0.006065357878306983,3.6187306999927387,3.541171400109306,0.07755929988343269,6323.520357338047
model_and_data_regularization_sweep_noisy,linear_medium_noise,kissgp+ridge=1e-2,3000,289,17,17,1,none,0.0,ridge,0.01,0.15629873125450683,0.09299204850348951,0.24196202476483705,0.21151966050640525,1.0965184163952117,0.9979990924025537,0.43539046316353913,0.0,0.0,0.0,0.0,ok,0.7887888999830466,3.0,560,8.638552972429384e-11,0.0052940315333073465,3.651942099997541,3.5732896999979857,0.0786523999995552,6380.8744642821175
model_and_data_regularization_sweep_noisy,linear_medium_noise,kissgp+ridge=1e-2+reg=gradient:0.03,3000,289,17,17,1,gradient,0.03,ridge,0.01,0.20572772097121345,0.15630357516775317,0.22097742863508638,0.16351494305318556,1.534275767238148,0.9114458082155849,0.3365779172472259,1.0,0.0006522986804753493,0.0,0.0,ok,0.8533537000184879,3.0,560,3.8470450342846615e-12,0.003963299597109464,3.6571559000003617,3.5778440999565646,0.07931180004379712,6389.007321351009
model_and_data_regularization_sweep_noisy,linear_medium_noise,kissgp+ridge=1e-2+reg=gradient:0.3,3000,289,17,17,1,gradient,0.3,ridge,0.01,0.223082142379982,0.17563197911669673,0.25271616257298335,0.1572583454861871,1.531521120352063,1.04235572143363,0.3236993843203029,0.8,0.0005656727023353373,0.0,0.0,ok,0.9123417000228073,3.0,560,1.8136699396663553e-11,0.003984513718588069,3.5600806000002194,3.4821943001879845,0.07788629981223494,6218.204107478544
model_and_data_regularization_sweep_noisy,linear_medium_noise,kissgp+ridge=1e-2+reg=laplacian:0.01,3000,289,17,17,1,laplacian,0.01,ridge,0.01,0.2036152547442932,0.15388172453498822,0.21706157373242044,0.16391321757831284,1.5327064340973786,0.8952944322191289,0.3373977225057359,1.0,0.0006529979503450263,0.0,0.0,ok,0.7896219000103883,3.0,560,3.1514235543271352e-12,0.003950917575000908,3.645817699987674,3.566646400518948,0.07917129946872592,6369.011429498122
model_and_data_regularization_sweep_noisy,linear_medium_noise,kissgp+ridge=1e-2+reg=laplacian:0.1,3000,289,17,17,1,laplacian,0.1,ridge,0.01,0.20185419098739563,0.15146487528131872,0.21729151435671762,0.16232160873451704,1.5038803240308438,0.89624284771771,0.33412156694640693,0.8,0.0006124800305760923,0.0,0.0,ok,0.8788227000040933,3.0,560,2.9598748391132114e-12,0.003770263112282007,3.731933199975174,3.6534991001535673,0.07843409982160665,6524.105535988513
model_and_data_regularization_sweep_noisy,linear_medium_noise,kissgp+ridge=1e-1,3000,289,17,17,1,none,0.0,ridge,0.1,0.18231634057066892,0.12449892575295371,0.38609286911954444,0.36934483066296125,1.2355299227068393,1.5924826771428129,0.7602565950815526,0.0,0.0,0.0,0.0,ok,0.7464918000041507,3.0,560,1.9463220275252283e-09,0.0059104970389208915,3.6649945999961346,3.588897099776659,0.07609750021947548,6408.744821029749
model_and_data_regularization_sweep_noisy,linear_medium_noise,kissgp+ridge=1e-1+reg=gradient:0.03,3000,289,17,17,1,gradient,0.03,ridge,0.1,0.2204051469856921,0.1726278175443743,0.31227185280521846,0.28219066958709504,1.8190107798235733,1.287999742874369,0.580859131665607,0.4,0.0013704187607730038,0.0,0.0,ok,0.8417390000249725,3.0,560,3.5986337276679076e-12,0.002845689566017164,3.7852869000053033,3.7030087998427916,0.08227810016251169,6612.515714004985
model_and_data_regularization_sweep_noisy,linear_medium_noise,kissgp+ridge=1e-1+reg=gradient:0.3,3000,289,17,17,1,gradient,0.3,ridge,0.1,0.2346038797317251,0.18748787074429013,0.34626973997022065,0.26638311949642507,1.8077143212984919,1.4282277830689123,0.5483209905822668,0.4,0.0012145577282897534,0.0,0.0,ok,0.8319287000049371,3.0,560,2.2926825163132768e-11,0.00250725520224276,3.5586056000029203,3.4841118004114833,0.07449379959143698,6221.628215020506
model_and_data_regularization_sweep_noisy,linear_medium_noise,kissgp+ridge=1e-1+reg=laplacian:0.01,3000,289,17,17,1,laplacian,0.01,ridge,0.1,0.21848583753294246,0.17067338258876746,0.30762333550696713,0.2825098123193641,1.8167983325541706,1.268826419915193,0.5815160526425283,0.4,0.0013819029420721893,0.0,0.0,ok,0.8326722999918275,3.0,560,3.201193658714228e-12,0.0028120282425951773,4.022858600015752,3.943518399988534,0.07934020002721809,7041.997142836668
model_and_data_regularization_sweep_noisy,linear_medium_noise,kissgp+ridge=1e-1+reg=laplacian:0.1,3000,289,17,17,1,laplacian,0.1,ridge,0.1,0.21607379537919794,0.1676112018607699,0.30734035725264436,0.2769994674496811,1.7861493085395408,1.2676592448543202,0.5701736006016246,0.4,0.001328197333056094,0.0,0.0,ok,0.8369461999973282,3.0,560,2.9688022663677614e-12,0.0023506493104424237,3.619953899993561,3.5417903998459224,0.07816350014763884,6324.625714010575
model_and_data_regularization_sweep_noisy,linear_medium_noise,rbf+ridge=1e-6,3000,289,17,17,1,none,0.0,ridge,1e-06,0.6623056681777835,0.6463687930761955,1.260635604147177,2.1308770263617824,7.338898247058829,5.199630768555471,4.386181091776605,9.2,0.08956988887714905,18.0,2.1264757738456526,ok,0.15056349997757934,3.0,560,4.8414767544934774e-09,0.03379893926581223,0.07959300000220537,0.029938300023786724,0.04965469997841865,53.461250042476294
model_and_data_regularization_sweep_noisy,linear_medium_noise,rbf+ridge=1e-6+reg=gradient:0.03,3000,289,17,17,1,gradient,0.03,ridge,1e-06,3.420030403303833,3.237995762022484,5.504264163235569,10.647872744528529,41.6785592378963,22.702945408858646,21.917500410352226,27.6,16.138895535968416,35.199999999999996,11.547225691356113,ok,0.15271860000211746,9.0,2320,1.515233905703829e-13,0.19496138172741143,0.239060599997174,0.09052650083322078,0.14853409916395321,39.02004346259516
model_and_data_regularization_sweep_noisy,linear_medium_noise,rbf+ridge=1e-6+reg=gradient:0.3,3000,289,17,17,1,gradient,0.3,ridge,1e-06,2.977244383479491,2.8159817403580947,4.800135472424704,9.260295076927596,36.30830163782952,19.798688862622452,19.06132107493835,26.0,12.503158057739006,35.0,9.897061174157544,ok,0.11747529997956008,7.0,1600,6.272486782888365e-10,0.2099894990350091,0.20707229999243282,0.07837020000442863,0.1287020999880042,48.98137500276789
model_and_data_regularization_sweep_noisy,linear_medium_noise,rbf+ridge=1e-6+reg=laplacian:0.01,3000,289,17,17,1,laplacian,0.01,ridge,1e-06,3.4738308465827075,3.289261424376529,5.590079536690916,10.816054565862688,42.33169847516861,23.056900393761172,22.263684594418415,27.6,16.582499926864998,35.4,11.747901582955572,failed: ZeroDivisionError,0.14021250000223517,,720,,,0.1003721000161022,0.03795450020697899,0.0624175998091232,52.714583620804156
model_and_data_regularization_sweep_noisy,linear_medium_noise,rbf+ridge=1e-6+reg=laplacian:0.1,3000,289,17,17,1,laplacian,0.1,ridge,1e-06,3.4409902439472435,3.257928946153589,5.538119033225716,10.711726034727533,41.933523775436235,22.84258355892129,22.048935538073692,27.6,16.298262113367297,35.199999999999996,11.620087645121407,failed: ZeroDivisionError,0.10454980001668446,,720,,,0.10222020000219345,0.038879099767655134,0.06334110023453832,53.9987496772988
model_and_data_regularization_sweep_noisy,linear_medium_noise,rbf+ridge=1e-4,3000,289,17,17,1,none,0.0,ridge,0.0001,0.6624154183432706,0.6464762325420805,1.2605414217073774,2.1316040315805127,7.33966415759911,5.199242302681408,4.387677553798847,9.2,0.08961803260160324,18.0,2.1263405093351353,ok,0.14101069999742322,3.0,560,4.855453421001003e-09,0.033814076131046394,0.07833439999376424,0.02957560002687387,0.048758799966890365,52.81357147656048
model_and_data_regularization_sweep_noisy,linear_medium_noise,rbf+ridge=1e-4+reg=gradient:0.03,3000,289,17,17,1,gradient,0.03,ridge,0.0001,3.45406762570134,3.2705782128985685,5.557879788239106,10.757139723517733,42.09000350215615,22.924088975268003,22.142414730263162,27.6,16.42685247650022,35.4,11.675412788636777,failed: ZeroDivisionError,0.15504079998936504,,720,,,0.10133069998119026,0.03789960057474673,0.06343109940644354,52.63833413159268
model_and_data_regularization_sweep_noisy,linear_medium_noise,rbf+ridge=1e-4+reg=gradient:0.3,3000,289,17,17,1,gradient,0.3,ridge,0.0001,3.006707298353539,2.844183285190489,4.8463830984011915,9.354957175441195,36.664412201253946,19.989442303354178,19.256172819769983,26.0,12.753034642505439,35.199999999999996,10.00831969564418,ok,0.1492611999856308,7.0,1600,3.989848142516384e-12,0.20903916627428426,0.2098233999859076,0.07948379969457164,0.13033960029133596,49.67737480910728
model_and_data_regularization_sweep_noisy,linear_medium_noise,rbf+ridge=1e-4+reg=laplacian:0.01,3000,289,17,17,1,laplacian,0.01,ridge,0.0001,3.5084200210389183,3.322372446361376,5.644579929594347,10.927087997439093,42.74981669605339,23.28169328308366,22.492234966922556,27.800000000000004,16.875066642036675,35.4,11.878138098376029,ok,0.1443202999944333,8.0,2160,3.348645781577753e-10,0.1923136706274839,0.26895949998288415,0.10157969943247736,0.1673798005504068,47.027638626146924
model_and_data_regularization_sweep_noisy,linear_medium_noise,rbf+ridge=1e-4+reg=laplacian:0.1,3000,289,17,17,1,laplacian,0.1,ridge,0.0001,3.4752289690620413,3.2907044214607,5.5920459831810225,10.821653926286059,42.347381701304364,23.06501121947563,22.275210275399154,27.800000000000004,16.58794902585531,35.4,11.749044937998146,failed: ZeroDivisionError,0.14070770001853816,,720,,,0.10240090001025237,0.03895069967256859,0.06345020033768378,54.0981939896786
model_and_data_regularization_sweep_noisy,linear_medium_noise,rbf+ridge=1e-2,3000,289,17,17,1,none,0.0,ridge,0.01,0.6741055747455132,0.6579148296512374,1.251615340134036,2.207118122966619,7.422917148548824,5.162425693473563,4.543115186145911,9.4,0.09462694891343923,17.8,2.114066896641857,ok,0.133229900005972,3.0,560,6.564486534596414e-09,0.03536014928870871,0.07910400000400841,0.029744100203970447,0.049359899800037965,53.11446464994723
model_and_data_regularization_sweep_noisy,linear_medium_noise,rbf+ridge=1e-2+reg=gradient:0.03,3000,289,17,17,1,gradient,0.03,ridge,0.01,81.75002575054268,78.28575040881613,131.8676903725738,259.5500287541729,991.0315334091044,543.9028518502249,534.2558084805889,53.0,604.0447611439564,53.6,304.27537517939027,ok,0.15197460001218133,8.0,1440,5.228820277390857e-12,0.09327576094206472,0.20041970000602305,0.07641909958329052,0.12400060042273253,53.06881915506286
model_and_data_regularization_sweep_noisy,linear_medium_noise,rbf+ridge=1e-2+reg=gradient:0.3,3000,289,17,17,1,gradient,0.3,ridge,0.01,70.95913196900194,67.9551193686741,114.46944827992552,225.29133265815403,860.1951427624115,472.141880951017,463.737968555383,52.800000000000004,522.8093781771687,53.6,263.93978671929153,failed: ZeroDivisionError,0.14992509997682646,,1040,,,0.14674060000106692,0.055535499821417034,0.09120510017964989,53.39951905905484
model_and_data_regularization_sweep_noisy,linear_medium_noise,rbf+ridge=1e-2+reg=laplacian:0.01,3000,289,17,17,1,laplacian,0.01,ridge,0.01,83.0564468132914,79.53646253507459,133.97423950247466,263.6976227415816,1006.8711862554385,552.5915463748541,542.7931844524906,53.0,613.8809733292533,53.6,309.15871741539837,ok,0.1453598000225611,8.0,1440,1.7046783125146532e-12,0.09306117481956057,0.1955100999912247,0.07429170014802366,0.12121839984320104,51.591458436127546
model_and_data_regularization_sweep_noisy,linear_medium_noise,rbf+ridge=1e-2+reg=laplacian:0.1,3000,289,17,17,1,laplacian,0.1,ridge,0.01,82.24102545744374,78.75584242652619,132.6601804743772,261.1089200662086,996.9864631019336,547.1715647943594,537.46461852096,53.0,607.7246672853043,53.6,306.10871807556845,ok,0.1339389999920968,8.0,1440,2.849123295324803e-12,0.09322060206275953,0.1832081000029575,0.06902670019189827,0.11418139981105924,47.93520846659602
model_and_data_regularization_sweep_noisy,linear_medium_noise,rbf+ridge=1e-1,3000,289,17,17,1,none,0.0,ridge,0.1,0.8636924061488748,0.842110905549939,1.215759256363593,3.2326581475761484,8.936536991568415,5.014533316168526,6.654078986099482,10.6,0.18463335729760538,17.0,2.120839885806675,ok,0.1155031000089366,4.0,720,5.0591098100254483e-14,0.05418570406136329,0.09708550001960248,0.03637350007193163,0.06071199994767085,50.51875009990504
model_and_data_regularization_sweep_noisy,linear_medium_noise,rbf+ridge=1e-1+reg=gradient:0.03,3000,289,17,17,1,gradient,0.03,ridge,0.1,0.7248067585691894,0.7109323045458426,1.5087532338591103,2.0175888474834114,9.101182587483649,6.223019333361231,4.152989564545905,13.8,0.31294257150372806,24.8,2.573247409067769,ok,0.1484448999981396,3.0,560,5.73826303894374e-09,0.01904620219864434,0.0769657000200823,0.02897820033831522,0.047987499681767076,51.746786318420035
model_and_data_regularization_sweep_noisy,linear_medium_noise,rbf+ridge=1e-1+reg=gradient:0.3,3000,289,17,17,1,gradient,0.3,ridge,0.1,0.6726169851038242,0.6605251514462983,1.4005628079175982,1.9083200194313847,8.395131638038144,5.776775973473601,3.928071438538094,12.2,0.23808308656058666,23.599999999999998,2.3005256658893365,ok,0.13971620000666007,3.0,560,5.304867585357188e-09,0.020386711547181285,0.07795510001596995,0.02946269977837801,0.04849240023759194,52.611963889960734
model_and_data_regularization_sweep_noisy,linear_medium_noise,rbf+ridge=1e-1+reg=laplacian:0.01,3000,289,17,17,1,laplacian,0.01,ridge,0.1,0.7317105756446585,0.7175966825761783,1.5234992232542004,2.03149030665119,9.194463252121428,6.283840795105819,4.1816042225461,14.2,0.3225796054579805,25.0,2.6094646677797093,ok,0.1327058000024408,3.0,560,5.77434193047264e-09,0.018864504445713935,0.07781560000148602,0.02953910015639849,0.04827649984508753,52.748393136425875
model_and_data_regularization_sweep_noisy,linear_medium_noise,rbf+ridge=1e-1+reg=laplacian:0.1,3000,289,17,17,1,laplacian,0.1,ridge,0.1,0.7297904309835404,0.7156041597545344,1.5199680118019314,2.0257939525902224,9.171965716665214,6.269275923498917,4.169878890598183,14.000000000000002,0.31919699080963404,24.8,2.5922706625816425,ok,0.1505299999844283,3.0,560,5.500901360337046e-09,0.018896991501697873,0.0780013999901712,0.02956530003575608,0.04843609995441511,52.79517863527872
model_and_data_regularization_sweep_noisy,linear_medium_noise,materngpmonotone_unregularized+ridge=1e-6,3000,289,17,17,1,none,0.0,ridge,1e-06,0.16972020116950182,0.1561617960210453,0.2727904900692034,2.3650563958049102,1.3314466394637785,1.125154502115394,4.868214127765245,0.6,0.004003652290065382,0.2,0.4039597514671907,ok,0.7432732000015676,5.0,960,1.1978496840715308e-12,0.004660373005839689,0.5105504999810364,0.42114049967494793,0.08941000030608848,438.68802049473743
model_and_data_regularization_sweep_noisy,linear_medium_noise,materngpmonotone_unregularized+ridge=1e-6+reg=gradient:0.03,3000,289,17,17,1,gradient,0.03,ridge,1e-06,0.2550245145330154,0.21521851838591413,0.6870042602364665,1.375845057064342,2.502495129653964,2.8336249411825882,2.832029018968522,0.4,0.0008713127421978864,2.0,0.5286979648457185,ok,0.5544135000091046,5.0,960,9.921566064828464e-11,0.005468131057654579,0.4639941000204999,0.3817306000273675,0.08226349999313243,397.63604169517447
model_and_data_regularization_sweep_noisy,linear_medium_noise,materngpmonotone_unregularized+ridge=1e-6+reg=gradient:0.3,3000,289,17,17,1,gradient,0.3,ridge,1e-06,0.22198713708551499,0.18071905803604593,0.2934169849845637,0.5078840734624753,1.863341348789352,1.2102307582964298,1.0454247205616891,0.0,0.0,0.0,0.0,ok,0.6252833000035025,4.0,720,5.548576128553771e-13,0.006241652295128448,0.3667812000203412,0.3025671998038888,0.0642140002164524,420.23222194984555
model_and_data_regularization_sweep_noisy,linear_medium_noise,materngpmonotone_unregularized+ridge=1e-6+reg=laplacian:0.01,3000,289,17,17,1,laplacian,0.01,ridge,1e-06,0.2518415261135569,0.21205907503503627,0.6543240631478491,1.305912136401901,2.4581725361061313,2.6988318592281986,2.6880796260624327,0.4,0.0007018564696161013,1.2,0.4084451855177461,ok,0.7096217999933288,5.0,960,1.0967353756606229e-12,0.0050156012448174265,0.4012353999714833,0.3302798996446654,0.07095550032681786,344.0415621298598
model_and_data_regularization_sweep_noisy,linear_medium_noise,materngpmonotone_unregularized+ridge=1e-6+reg=laplacian:0.1,3000,289,17,17,1,laplacian,0.1,ridge,1e-06,0.21760817050125766,0.17702338043595528,0.3450069627897796,0.6838991652430813,1.9452809507095905,1.423019319132426,1.4077328490385226,0.0,0.0,0.0,0.0,ok,0.5591842000139877,4.0,720,4.224107839889155e-13,0.006942918594748155,0.3629293999983929,0.30045130031066947,0.06247809968772344,417.29347265370757
model_and_data_regularization_sweep_noisy,linear_medium_noise,materngpmonotone_unregularized+ridge=1e-4,3000,289,17,17,1,none,0.0,ridge,0.0001,0.16972006024312128,0.15616150685506044,0.27278976058340015,2.365054359117828,1.3314457221128593,1.125151493270637,4.868209935464019,0.6,0.004003647020277479,0.2,0.4039603219012413,ok,0.6520693000056781,5.0,960,1.2772521208294012e-12,0.004660363221301817,0.40787989998352714,0.33518250050838105,0.07269739947514609,349.1484380295636
model_and_data_regularization_sweep_noisy,linear_medium_noise,materngpmonotone_unregularized+ridge=1e-4+reg=gradient:0.03,3000,289,17,17,1,gradient,0.03,ridge,0.0001,0.2550241398486616,0.21521801203257804,0.6870022168242927,1.3758439700844107,2.5024911922634785,2.833616512903412,2.832026781537285,0.4,0.0008711553137410899,2.0,0.5286794216874274,ok,0.6868518999835942,5.0,960,9.928232535672743e-11,0.005468119890865836,0.531121499981964,0.43846199978725053,0.09265950019471347,456.731249778386
model_and_data_regularization_sweep_noisy,linear_medium_noise,materngpmonotone_unregularized+ridge=1e-4+reg=gradient:0.3,3000,289,17,17,1,gradient,0.3,ridge,0.0001,0.22198710150097883,0.18071900148633444,0.2934170242413799,0.5078839998502002,1.8633410628149196,1.2102309202155035,1.045424569038741,0.0,0.0,0.0,0.0,ok,0.7119798000203446,4.0,720,5.979810447808874e-13,0.006241647724370593,0.3996025000233203,0.3289839004864916,0.0706185995368287,456.92208400901615
model_and_data_regularization_sweep_noisy,linear_medium_noise,materngpmonotone_unregularized+ridge=1e-4+reg=laplacian:0.01,3000,289,17,17,1,laplacian,0.01,ridge,0.0001,0.2518412354614701,0.21205867163060643,0.654322544210448,1.3059113427097744,2.4581696058773894,2.698825594203143,2.6880779923325857,0.4,0.0007017399377872132,1.2,0.4084310443038739,ok,0.6623649999964982,5.0,960,1.0620585181755925e-12,0.00501559232466846,0.5248258000065107,0.43281500015291385,0.09201079985359684,450.8489584926186
model_and_data_regularization_sweep_noisy,linear_medium_noise,materngpmonotone_unregularized+ridge=1e-4+reg=laplacian:0.1,3000,289,17,17,1,laplacian,0.1,ridge,0.0001,0.2176081028057735,0.17702328132245732,0.34500681639562925,0.6838990922311342,1.9452804708312081,1.4230187153135858,1.407732698751285,0.0,0.0,0.0,0.0,ok,0.6265897999983281,4.0,720,3.497838997519832e-13,0.006942912504989551,0.40085659999749623,0.32998969985055737,0.07086690014693886,458.31902757021857
model_and_data_regularization_sweep_noisy,linear_medium_noise,materngpmonotone_unregularized+ridge=1e-2,3000,289,17,17,1,none,0.0,ridge,0.01,0.16970599987300894,0.15613263643496145,0.2727170218329845,2.364851269121375,1.3313541135882423,1.1248514742615885,4.867791896557339,0.6,0.004003119596478625,0.2,0.40401729525057717,ok,0.6679794999945443,5.0,960,1.5993222128211278e-12,0.004659387677129675,0.4868408000038471,0.40131080031278543,0.08552999969106168,418.0320836591515
model_and_data_regularization_sweep_noisy,linear_medium_noise,materngpmonotone_unregularized+ridge=1e-2+reg=gradient:0.03,3000,289,17,17,1,gradient,0.03,ridge,0.01,0.2549868964642633,0.21516770310007052,0.6868003254504024,1.3757357252581741,2.5020992554618373,2.8327837896357737,2.831803971208839,0.4,0.0008554437852648647,2.0,0.5268282337237479,ok,0.5382552999944892,5.0,960,9.747614603820559e-11,0.005467007457768364,0.47267699998337775,0.3888604002131615,0.08381659977021627,405.0629168887099
model_and_data_regularization_sweep_noisy,linear_medium_noise,materngpmonotone_unregularized+ridge=1e-2+reg=gradient:0.3,3000,289,17,17,1,gradient,0.3,ridge,0.01,0.22198354723880873,0.18071335260756372,0.2934209575981025,0.5078766419204073,1.8633124807626442,1.2102471437796891,1.0454094235319222,0.0,0.0,0.0,0.0,ok,0.6076302000146825,4.0,720,7.919514611055399e-13,0.006241190792501359,0.349947799986694,0.2871443997719325,0.0628034002147615,398.81166634990626
model_and_data_regularization_sweep_noisy,linear_medium_noise,materngpmonotone_unregularized+ridge=1e-2+reg=laplacian:0.01,3000,289,17,17,1,laplacian,0.01,ridge,0.01,0.2518123194631051,0.21201855020582866,0.6541722856254977,1.3058322491565038,2.4578776620170304,2.6982058360755943,2.6879151867630737,0.4,0.0006901043438039242,1.2,0.4070243480175722,ok,0.6364013999991585,5.0,960,1.1140481478776725e-12,0.005014702573106276,0.5068737000110559,0.4174331000831444,0.08944059992791153,434.82614591994206
model_and_data_regularization_sweep_noisy,linear_medium_noise,materngpmonotone_unregularized+ridge=1e-2+reg=laplacian:0.1,3000,289,17,17,1,laplacian,0.1,ridge,0.01,0.21760134398497022,0.17701338504991415,0.3449922698995928,0.6838918005604281,1.94523252400345,1.4229587166842301,1.4077176896316677,0.0,0.0,0.0,0.0,ok,0.5810763000044972,4.0,720,3.664717556071786e-13,0.006942303955915831,0.3716518000001088,0.30611570001929067,0.06553609998081811,425.16069447123704
model_and_data_regularization_sweep_noisy,linear_medium_noise,materngpmonotone_unregularized+ridge=1e-1,3000,289,17,17,1,none,0.0,ridge,0.1,0.16958104118484532,0.15587432078831576,0.2720745271932703,2.3630566581644428,1.3305325796714695,1.1222014341657038,4.864097882989681,0.6,0.003998285318097745,0.2,0.40452893938764234,ok,0.719985200004885,5.0,960,1.5032064051470253e-12,0.004650778247603389,0.24103850001120009,0.19809280009940267,0.04294569991179742,206.3466667702111
model_and_data_regularization_sweep_noisy,linear_medium_noise,materngpmonotone_unregularized+ridge=1e-1+reg=gradient:0.03,3000,289,17,17,1,gradient,0.03,ridge,0.1,0.25466757885911784,0.2147382169349725,0.6851732912231073,1.3747913718106581,2.498693970387909,2.826072907282535,2.829860121242743,0.4,0.0007154048533840404,2.0,0.5102757339509174,ok,0.2928386999992654,5.0,960,8.31287773999791e-11,0.005457275337237169,0.24102679998031817,0.19795439971494488,0.04307240026537329,206.2024997030676
model_and_data_regularization_sweep_noisy,linear_medium_noise,materngpmonotone_unregularized+ridge=1e-1+reg=gradient:0.3,3000,289,17,17,1,gradient,0.3,ridge,0.1,0.22195161297078148,0.18066254744983137,0.29345739662751663,0.5078100498349365,1.8630540320014675,1.2103974405806797,1.0452723508888084,0.0,0.0,0.0,0.0,ok,0.29903189998003654,4.0,720,5.986830693092093e-13,0.006237049907468749,0.18588330000056885,0.15214429967454635,0.033739000326022506,211.31152732575882
model_and_data_regularization_sweep_noisy,linear_medium_noise,materngpmonotone_unregularized+ridge=1e-1+reg=laplacian:0.01,3000,289,17,17,1,laplacian,0.01,ridge,0.1,0.25156231421603403,0.21167268522683802,0.6529463905053433,1.3051374927505832,2.4553186393867503,2.693149496269859,2.6864851054522614,0.4,0.0005859022547588245,1.2,0.39487424184350695,ok,0.3142053999763448,5.0,960,8.318217670417687e-13,0.005006818058754601,0.24088299999129958,0.19823220052057877,0.04265079947072081,206.49187554226955
model_and_data_regularization_sweep_noisy,linear_medium_noise,materngpmonotone_unregularized+ridge=1e-1+reg=laplacian:0.1,3000,289,17,17,1,laplacian,0.1,ridge,0.1,0.21754086065924363,0.17692476886637853,0.3448682940698639,0.6838263704728225,1.944800330135728,1.4224473646831484,1.4075830088361367,0.0,0.0,0.0,0.0,ok,0.28108960000099614,4.0,720,3.257897586210847e-13,0.0069368101048224795,0.1896173999994062,0.15517610043752939,0.034441299561876804,215.52236171879082
model_and_data_regularization_sweep_noisy,linear_medium_noise,mlp+ridge=1e-6,3000,289,17,17,1,none,0.0,ridge,1e-06,0.17865157299496942,0.13053578455706777,0.32467521420453055,0.27680890158156213,1.7271568348345172,1.3391587767404687,0.5697813412656137,0.6,0.002045175502999459,0.0,0.0,ok,10.358397000003606,3.0,560,5.84425501032314e-10,0.012381649205599445,10.282457900000736,10.18979520004359,0.09266269995714538,18196.0628572207
model_and_data_regularization_sweep_noisy,linear_medium_noise,mlp+ridge=1e-6+reg=gradient:0.03,3000,289,17,17,1,gradient,0.03,ridge,1e-06,0.24693507138954748,0.20645291782129227,0.3237630551786879,0.2562308441602177,2.595332708829171,1.335396476103406,0.5274236241142393,1.4000000000000001,0.004660134932295383,0.0,0.0,ok,7.773521700000856,3.0,560,3.806108416688343e-11,0.008678196554843878,11.101758699980564,11.003578600124456,0.09818009985610843,19649.24750022224
model_and_data_regularization_sweep_noisy,linear_medium_noise,mlp+ridge=1e-6+reg=gradient:0.3,3000,289,17,17,1,gradient,0.3,ridge,1e-06,0.24213557608200703,0.1978444634758573,0.3347700044864251,0.23992118261305737,2.2363488096661235,1.3807958540839749,0.49385194062128257,1.2,0.002031248994045261,0.0,0.0,ok,8.449946800014004,3.0,560,1.4094876527812006e-10,0.009378018971737288,10.638449699996272,10.542591400357196,0.095858299639076,18826.05607206642
model_and_data_regularization_sweep_noisy,linear_medium_noise,mlp+ridge=1e-6+reg=laplacian:0.01,3000,289,17,17,1,laplacian,0.01,ridge,1e-06,0.24002174073626203,0.19781021494611306,0.32104666981168833,0.25253119474000224,2.486654713602213,1.324192444671135,0.5198082938383024,1.2,0.003539943458066148,0.0,0.0,ok,8.26073660000111,3.0,560,3.3463432530138313e-11,0.009434502629541791,9.967448600014905,9.879544400580926,0.08790419943397865,17642.04357246594
model_and_data_regularization_sweep_noisy,linear_medium_noise,mlp+ridge=1e-6+reg=laplacian:0.1,3000,289,17,17,1,laplacian,0.1,ridge,1e-06,0.22311306335595119,0.1756038155253654,0.31666199873422474,0.24246653194619408,2.172269958000089,1.3061073845876556,0.4990912683623265,1.0,0.0007614947317696421,0.0,0.0,ok,8.393662099988433,3.0,560,4.1393468887046534e-11,0.01145293574262057,9.957044399983715,9.869416399713373,0.08762800027034245,17623.957856631023
model_and_data_regularization_sweep_noisy,linear_medium_noise,mlp+ridge=1e-4,3000,289,17,17,1,none,0.0,ridge,0.0001,0.17867008884229277,0.1305470446251461,0.32475953005424363,0.27678727999957037,1.7267369151702208,1.3395065467740952,0.5697368355654099,0.6,0.002050106023319908,0.0,0.0,ok,6.369883399980608,3.0,560,5.847896720919777e-10,0.012367395657111537,9.942426699999487,9.848735799983842,0.09369090001564473,17587.02821425686
model_and_data_regularization_sweep_noisy,linear_medium_noise,mlp+ridge=1e-4+reg=gradient:0.03,3000,289,17,17,1,gradient,0.03,ridge,0.0001,0.2469370535524697,0.20644549678608398,0.3238271102303692,0.25617695415105113,2.594493440512126,1.3356606782380336,0.527312697328546,1.4000000000000001,0.004660249344425234,0.0,0.0,ok,8.177542999997968,3.0,560,3.816881732170451e-11,0.008671539582974482,9.947141300013755,9.857153700082563,0.08998759993119165,17602.06017871886
model_and_data_regularization_sweep_noisy,linear_medium_noise,mlp+ridge=1e-4+reg=gradient:0.3,3000,289,17,17,1,gradient,0.3,ridge,0.0001,0.2421646660633341,0.19786970601431553,0.3348328376548487,0.23992399771252645,2.235736545047118,1.3810550164261668,0.4938577352006553,1.2,0.002032274799154643,0.0,0.0,ok,8.041720999986865,3.0,560,1.4133767070130982e-10,0.009371135137456932,10.137269900005776,10.046315099432832,0.0909548005729448,17939.84839184434
model_and_data_regularization_sweep_noisy,linear_medium_noise,mlp+ridge=1e-4+reg=laplacian:0.01,3000,289,17,17,1,laplacian,0.01,ridge,0.0001,0.24003232450458964,0.19781276741557535,0.32111423720131566,0.2524862525669666,2.48597109525656,1.324471133831509,0.519715785210562,1.2,0.0035405911067135833,0.0,0.0,ok,8.136008400004357,3.0,560,3.355883484827486e-11,0.00942653912305652,10.100041800003964,10.008368399867322,0.09167340013664216,17872.086428334504
model_and_data_regularization_sweep_noisy,linear_medium_noise,mlp+ridge=1e-4+reg=laplacian:0.1,3000,289,17,17,1,laplacian,0.1,ridge,0.0001,0.22314810983363606,0.17563661960857094,0.3167401822893161,0.24246329512290576,2.1719810865667792,1.3064298612948904,0.4990846057098463,1.0,0.000762332001254608,0.0,0.0,ok,8.36682500000461,3.0,560,4.14924173941057e-11,0.011443184704039292,7.791066699981457,7.7239137995638885,0.06715290041756816,13792.703213506944
model_and_data_regularization_sweep_noisy,linear_medium_noise,mlp+ridge=1e-2,3000,289,17,17,1,none,0.0,ridge,0.01,0.18051405799879483,0.13187105596969256,0.3308694604631754,0.2736684520943549,1.6628497394221853,1.3647076295005396,0.5633170638858973,0.8,0.0025350480737699453,0.0,0.0,ok,8.09624429998803,3.0,560,6.938928260158618e-10,0.010879254790727209,9.64484480000101,9.558428500080481,0.08641629992052913,17068.62232157229
model_and_data_regularization_sweep_noisy,linear_medium_noise,mlp+ridge=1e-2+reg=gradient:0.03,3000,289,17,17,1,gradient,0.03,ridge,0.01,0.24694437562220914,0.2056816872461991,0.3284039480082157,0.24944325844452947,2.483247691924588,1.3545383510993179,0.513452109213731,1.2,0.004689466117921579,0.0,0.0,ok,8.389013400010299,3.0,560,5.706518506172673e-11,0.007956927106815314,5.510038999986136,5.4660771001072135,0.04396189987892285,9760.851964477168
model_and_data_regularization_sweep_noisy,linear_medium_noise,mlp+ridge=1e-2+reg=gradient:0.3,3000,289,17,17,1,gradient,0.3,ridge,0.01,0.24503916701926026,0.20058429701933778,0.3396951559570866,0.2384849273874835,2.150044706681596,1.4011101852375618,0.4908955637701353,1.2,0.0021720796112640185,0.0,0.0,ok,4.066084999998566,3.0,560,2.04746860733377e-10,0.008606467045359762,5.531814799993299,5.489221299911151,0.04259350008214824,9802.180892698483
model_and_data_regularization_sweep_noisy,linear_medium_noise,mlp+ridge=1e-2+reg=laplacian:0.01,3000,289,17,17,1,laplacian,0.01,ridge,0.01,0.24083615275273038,0.19799359531336516,0.32597712587165173,0.24652460490882946,2.38939782255331,1.3445286551891138,0.5074443749365485,1.2,0.0036295129894294118,0.0,0.0,ok,4.0579261999810115,3.0,560,4.997946534338386e-11,0.00855918062599553,5.386902500002179,5.3450463002373,0.04185619976487942,9544.725536138036
model_and_data_regularization_sweep_noisy,linear_medium_noise,mlp+ridge=1e-2+reg=laplacian:0.1,3000,289,17,17,1,laplacian,0.1,ridge,0.01,0.2262475285535618,0.17870406821081636,0.32259440513221466,0.24022513890035233,2.113086910921286,1.3305762499259715,0.4944776019351764,1.2,0.0008656584395273353,0.0,0.0,ok,4.070723399985582,3.0,560,5.969473686237139e-11,0.010347116157773914,5.417998899996746,5.375727100210497,0.042271799786249176,9599.512678947316
model_and_data_regularization_sweep_noisy,linear_medium_noise,mlp+ridge=1e-1,3000,289,17,17,1,none,0.0,ridge,0.1,0.330639076373287,0.29438129084153725,0.503612180187665,0.25261582228078594,2.91006155162407,2.0772040539776535,0.519982490525693,0.2,7.539139490574695e-05,0.0,0.0,ok,4.055214699998032,4.0,720,1.7857688006446804e-14,0.0424291403633852,6.980513000016799,6.926236300292658,0.05427669972414151,9619.772639295357
model_and_data_regularization_sweep_noisy,linear_medium_noise,mlp+ridge=1e-1+reg=gradient:0.03,3000,289,17,17,1,gradient,0.03,ridge,0.1,0.34882761778714555,0.3093213912317357,0.48517373721834295,0.23095326575366248,2.4806769816396987,2.001152659687231,0.47539244864934926,1.2,0.0012724508834629905,0.0,0.0,ok,4.002855300001102,4.0,720,1.3370699407499662e-14,0.04086922637252975,6.935470999975223,6.880992899736157,0.05447810023906641,9556.934582966884
model_and_data_regularization_sweep_noisy,linear_medium_noise,mlp+ridge=1e-1+reg=gradient:0.3,3000,289,17,17,1,gradient,0.3,ridge,0.1,0.36577728224554334,0.3262133875663141,0.5110656534501301,0.2328259837570809,2.6442883045464622,2.107946727578672,0.47924723716844464,0.8,0.0009458024579257712,0.0,0.0,ok,4.124074199993629,4.0,720,2.7851333699935022e-14,0.043594718026149,6.953271099977428,6.8998109002714045,0.05346019970602356,9583.070694821396
model_and_data_regularization_sweep_noisy,linear_medium_noise,mlp+ridge=1e-1+reg=laplacian:0.01,3000,289,17,17,1,laplacian,0.01,ridge,0.1,0.3455279113169635,0.30602440714654944,0.48198646421438607,0.23040480350405812,2.4597242178028895,1.9880064001934958,0.4742634981191184,0.8,0.0011715315543627679,0.0,0.0,ok,4.064365799975349,4.0,720,3.021112489366642e-14,0.04016509833018733,6.949797100009164,6.893601599935209,0.05619550007395446,9574.44666657668
model_and_data_regularization_sweep_noisy,linear_medium_noise,mlp+ridge=1e-1+reg=laplacian:0.1,3000,289,17,17,1,laplacian,0.1,ridge,0.1,0.341167616782938,0.30174195650605473,0.48287271350628164,0.23075466869464814,2.483372495380048,1.9916618332715328,0.47498365797097847,0.6,0.0008537161615488556,0.0,0.0,ok,4.136247299989918,4.0,720,1.685492608980285e-14,0.039212918015998834,6.826411799993366,6.76727159996517,0.05914020002819598,9398.988333284959
