experiment,dataset,method,original_rows,training_rows,chop_grid_s,chop_grid_T,max_rows_per_cell,smoothing_type,smoothing_strength,test_obs_q_RMSE,clean_q_RMSE,clean_dq_ds_RMSE,clean_dq_dT_RMSE,test_obs_q_RMSE/noise,clean_dq_ds_RMSE/noise,clean_dq_dT_RMSE/noise,entropy_violation_%,worst_entropy_violation,deriv_violation_%,worst_deriv_violation,status,build_s,newton_steps,flux_calls,final_residual,rel_solution_err,solve_total_s,flux_eval_s,nonflux_s,avg_flux_eval_us
bello,nonlinear_high_noise,FiniteDiff,3000,289,17,17,1,none,0.0,0.9943342824541487,0.7747834773864474,1.2016447051652406,2.3355143941322862,1.7978254932569249,1.0113822864049633,0.9696613423325603,2.0,0.027381859298507866,0.0,0.0,failed: RuntimeError,0.06325389999256004,,5200,,,0.6486480000021402,0.4532330000511138,0.1954149999510264,87.16019231752188
bello,nonlinear_high_noise,FiniteDiff+reg=laplacian:0.01,3000,289,17,17,1,laplacian,0.01,0.9764112537302472,0.7514949844086123,1.1502677420536587,2.1549541839332367,1.7243807156981181,0.9681400949344072,0.8946961628272085,1.6,0.016692758878864972,0.0,0.0,failed: RuntimeError,0.06568469999183435,,6560,,,0.8157347999949707,0.5695902997540543,0.2461445002409164,86.82778959665461
bello,nonlinear_high_noise,FiniteDiff+reg=laplacian:0.1,3000,289,17,17,1,laplacian,0.1,0.9452022108476823,0.7053805795606913,1.0589646934637467,1.6931831475444816,1.554726917395795,0.8912935148748625,0.702977574356948,1.4000000000000001,0.017192231236265128,0.0,0.0,ok,0.06825969999772497,18.0,2960,4.04192897683029e-09,0.004633160997526435,0.3694473000068683,0.2579498001578031,0.11149749984906521,87.14520275601457
bello,nonlinear_high_noise,FiniteDiff+reg=gradient:0.03,3000,289,17,17,1,gradient,0.03,0.9837010477343933,0.7557749390078083,1.1627056531624143,2.1332812388990106,1.7307834297318672,0.9786086493425467,0.885697966529645,1.7999999999999998,0.015711184436577524,0.0,0.0,failed: RuntimeError,0.0667099000129383,,14080,,,1.747450499999104,1.2181910006183898,0.5292594993807143,86.51924720301064
bello,nonlinear_high_noise,FiniteDiff+reg=gradient:0.3,3000,289,17,17,1,gradient,0.3,0.986277348259249,0.7344880725247847,1.1919475304290883,1.3559459272481003,1.4855897672293992,1.0032205138659085,0.5629630676861026,1.2,0.010337882022747462,0.0,0.0,ok,0.06673830001091119,20.0,3280,5.079603479364358e-09,0.002416807523481223,0.40858139999909326,0.2852940997836413,0.12328730021545198,86.97990847062235
bello,nonlinear_high_noise,rff,3000,289,17,17,1,none,0.0,0.8080538008002537,0.4766278976373273,2.2786036642055416,4.316369095178329,1.315951325944412,1.9178209447509078,1.7920746972695945,1.6,0.004255813127884842,1.4000000000000001,7.935296033307369,ok,0.17527029999473598,5.0,880,2.0747570326582233e-13,0.008108817502905357,0.19253179999941494,0.15466019976884127,0.037871600230573677,175.7502270100469
bello,nonlinear_high_noise,rff+reg=laplacian:0.01,3000,289,17,17,1,laplacian,0.01,0.9558832934678768,0.6845089453465599,1.1079240760805835,2.3901721582205857,1.6168811667981409,0.9325009134670967,0.9923542107764081,2.0,0.026420646721066192,0.0,0.0,ok,0.09057120000943542,4.0,720,5.65057685145787e-10,0.010766787642612713,0.15566630000830628,0.12514320010086522,0.030523099907441065,173.81000014009058
bello,nonlinear_high_noise,rff+reg=laplacian:0.1,3000,289,17,17,1,laplacian,0.1,0.9549400594999289,0.6798271826780875,1.0542857873679783,1.9629186391718658,1.5890453798024715,0.8873554433927753,0.8149666417518063,2.0,0.02284188001387177,0.0,0.0,ok,0.09451560000889003,4.0,720,1.5164129514992967e-12,0.008982554539879074,0.15787369999452494,0.1267793998704292,0.031094300124095753,176.08249982004054
bello,nonlinear_high_noise,rff+reg=gradient:0.03,3000,289,17,17,1,gradient,0.03,0.9554359578578265,0.6818656672473511,1.1260435478277393,2.328522170154368,1.597839206651407,0.947751438589303,0.9667583033680597,2.0,0.02535589013624794,0.0,0.0,ok,0.08634550000715535,4.0,720,3.584918441304794e-10,0.01050402481254494,0.16096449999895412,0.12947670015273616,0.03148779984621797,179.82875021213354
bello,nonlinear_high_noise,rff+reg=gradient:0.3,3000,289,17,17,1,gradient,0.3,0.9745130910900391,0.6979961253032061,1.2697974171206192,1.5238934260599741,1.460530388618568,1.068744038465154,0.6326916883053826,1.2,0.016325680229716318,0.0,0.0,ok,0.08215020000352524,4.0,720,8.206523480194328e-14,0.007232304944757391,0.16328550000616815,0.13161150021187495,0.031673999794293195,182.79375029427078
bello,nonlinear_high_noise,cubicspline,3000,289,17,17,1,none,0.0,1.1154842018346243,0.9324505665147218,3.1226196704804425,7.249037497391098,2.1030353620710724,2.628199673604302,3.009663073796144,2.6,0.05606403838879344,5.800000000000001,7.7323407043879,failed: RuntimeError,0.06401699999696575,,50000,,,2.110751200001687,0.3648794995533535,1.7458717004483333,7.2975899910670705
bello,nonlinear_high_noise,cubicspline+reg=laplacian:0.01,3000,289,17,17,1,laplacian,0.01,1.0586624260677253,0.8681417399479883,2.5408483245606757,6.134036384357638,1.9532672419728756,2.138543095855461,2.546735729532007,2.4,0.02907298681161308,2.6,5.087441877352973,failed: RuntimeError,0.06559460000426043,,27200,,,1.155225700000301,0.19853039972076658,0.9566953002795344,7.298911754439948
bello,nonlinear_high_noise,cubicspline+reg=laplacian:0.1,3000,289,17,17,1,laplacian,0.1,0.9637999483285452,0.7473826811089608,1.5206988914951287,3.753105160192319,1.6367782761656797,1.279919026982557,1.5582181795541579,1.4000000000000001,0.01870314044272429,0.2,0.5461720301084454,ok,0.06592330000421498,5.0,880,6.318720010057294e-14,0.006170765963044799,0.036833499994827434,0.006369699665810913,0.03046380032901652,7.238295074785128
bello,nonlinear_high_noise,cubicspline+reg=gradient:0.03,3000,289,17,17,1,gradient,0.03,1.0766790954687666,0.8827405992255573,2.7352206863957074,6.39871311069031,1.984285653169511,2.302139509072806,2.6566244933883647,2.6,0.03673436142597945,3.5999999999999996,6.161847407243477,failed: RuntimeError,0.06702439999207854,,27440,,,1.1593880000000354,0.2006471013155533,0.9587408986844821,7.312212147068269
bello,nonlinear_high_noise,cubicspline+reg=gradient:0.3,3000,289,17,17,1,gradient,0.3,0.9993226843887699,0.7600468226097731,1.6599548626037781,3.3133024319468247,1.5758988937906457,1.3971259033995276,1.375620416550222,1.4000000000000001,0.011135240552035528,0.2,1.1963026899166465,ok,0.06896340000093915,5.0,880,8.637835371769642e-13,0.004920245659978413,0.03813100000843406,0.0065175997879123315,0.031613400220521726,7.406363395354922
bello,nonlinear_high_noise,pchip,3000,289,17,17,1,none,0.0,,,,,,,,2.1999999999999997,0.04945867294788743,0.0,0.0,failed: ValueError,0.0676372000016272,,116,,,0.04453769999963697,0.03922330007480923,0.00531439992482774,338.1318971966313
bello,nonlinear_high_noise,pchip+reg=laplacian:0.01,3000,289,17,17,1,laplacian,0.01,,,,,,,,2.4,0.019582801724421544,0.0,0.0,ok,0.0688122999999905,21.0,4080,9.464207050213788e-09,0.0049205618054372225,1.5636452000035206,1.385064600239275,0.17858059976424556,339.47661770570465
bello,nonlinear_high_noise,pchip+reg=laplacian:0.1,3000,289,17,17,1,laplacian,0.1,,,,,,,,1.2,0.018023050288108328,0.0,0.0,ok,0.06945409999752883,8.0,1360,3.904756742708471e-09,0.005454027913412456,0.521334899996873,0.46123899963276926,0.06009590036410373,339.1463232593892
bello,nonlinear_high_noise,pchip+reg=gradient:0.03,3000,289,17,17,1,gradient,0.03,,,,,,,,2.1999999999999997,0.024750111168942285,0.0,0.0,ok,0.06942220000200905,17.0,3600,3.958206100620194e-09,0.005624003125521928,1.3911407999985386,1.2330958006641595,0.1580449993343791,342.5266112955999
bello,nonlinear_high_noise,pchip+reg=gradient:0.3,3000,289,17,17,1,gradient,0.3,,,,,,,,1.0,0.011182680681380229,0.0,0.0,ok,0.07162829999288078,8.0,1360,9.56099539362502e-10,0.0035639490717104916,0.5142784000054235,0.45520419953390956,0.059074200471513905,334.70897024552175
bello,nonlinear_high_noise,smooth+pchip,3000,289,17,17,1,none,0.0,,,,,,,,1.2,0.008497045648156192,0.0,0.0,ok,0.06781350000528619,5.0,880,2.1352654789642224e-10,0.006307227659568448,0.3341875999904005,0.2960653997870395,0.03812220020336099,336.437954303454
bello,nonlinear_high_noise,smooth+pchip+reg=laplacian:0.01,3000,289,17,17,1,laplacian,0.01,,,,,,,,1.2,0.008318695139375113,0.0,0.0,ok,0.07071080000605434,5.0,880,9.777753639016438e-11,0.006303303654318204,0.3336942000023555,0.2956499998981599,0.038044200104195625,335.96590897518166
bello,nonlinear_high_noise,smooth+pchip+reg=laplacian:0.1,3000,289,17,17,1,laplacian,0.1,,,,,,,,1.2,0.007732974938265978,0.0,0.0,ok,0.06999180000275373,4.0,720,5.585571736994081e-09,0.005997166833263681,0.27237599999352824,0.2412326999619836,0.03114330003154464,335.0454166138661
bello,nonlinear_high_noise,smooth+pchip+reg=gradient:0.03,3000,289,17,17,1,gradient,0.03,,,,,,,,1.2,0.007883853989865044,0.0,0.0,ok,0.06983779999427497,5.0,880,8.430414481699671e-11,0.006085222066100416,0.32916339999064803,0.29124519997276366,0.037918200017884374,330.96045451450414
bello,nonlinear_high_noise,smooth+pchip+reg=gradient:0.3,3000,289,17,17,1,gradient,0.3,,,,,,,,1.0,0.004572127157422247,0.0,0.0,ok,0.0692103000037605,4.0,720,1.8826279128707875e-09,0.004395228907623005,0.2709290000057081,0.24004670011345297,0.030882299892255105,333.398194602018
bello,nonlinear_high_noise,rbf,3000,289,17,17,1,none,0.0,2.698720103769254,2.6535006296712997,5.323740977598155,8.72120808388901,10.34728259532511,4.480806430558528,3.62088041873417,26.8,2.258015354690978,28.999999999999996,8.243163974547164,ok,0.06975750000856351,5.0,880,1.3529861241298775e-13,0.04791052398381921,0.05011769999691751,0.01857969975390006,0.03153800024301745,21.11329517488643
bello,nonlinear_high_noise,rbf+reg=laplacian:0.01,3000,289,17,17,1,laplacian,0.01,32.98407057985589,31.282363762016818,52.63870836469732,103.9008150310832,153.93147434742582,44.304158284433,43.137650543112294,39.0,247.84993679163165,42.6,117.31874753608494,failed: ZeroDivisionError,0.06936280000081751,,6400,,,0.37624219999997877,0.1404463997023413,0.23579580029763747,21.944749953490827
bello,nonlinear_high_noise,rbf+reg=laplacian:0.1,3000,289,17,17,1,laplacian,0.1,32.85905805298942,31.163594529091867,52.43916878809243,103.5054963001116,153.34520698506594,44.13621280741516,42.97352169325969,39.0,246.89133712189602,42.6,116.87690168995995,failed: ZeroDivisionError,0.06941889999143314,,9280,,,0.5426367000036407,0.20195000001695007,0.34068669998669066,21.76185345010238
bello,nonlinear_high_noise,rbf+reg=gradient:0.03,3000,289,17,17,1,gradient,0.03,32.66710998674672,30.980783590009178,52.13208280317815,102.89862938114143,152.45850192363832,43.87774928303853,42.72156204242463,39.0,245.28091894199423,42.6,116.17240925580084,failed: ZeroDivisionError,0.07012939998821821,,26080,,,1.5274863999948138,0.5678331989329308,0.959653201061883,21.772745357857776
bello,nonlinear_high_noise,rbf+reg=gradient:0.3,3000,289,17,17,1,gradient,0.3,30.010794564128723,28.452522607177713,47.884869404813664,94.50032586405466,140.11010313327304,40.30301843354257,39.23474548408773,38.6,223.90359181017115,42.4,106.6063673188601,failed: ZeroDivisionError,0.07058549999783281,,19760,,,1.1423687000060454,0.42647830011264887,0.7158903998933965,21.582909924729194
bello,nonlinear_high_noise,FDMatern52,3000,289,17,17,1,none,0.0,0.9732822328240307,0.6952841515903383,0.8661601483858434,0.8044068895199837,1.4202055998440035,0.7290166781427073,0.33397450524525724,1.4000000000000001,0.008861276230496548,0.0,0.0,ok,0.0714224999974249,9.0,1520,5.310330849739129e-09,0.005512385864944384,0.14539910000166856,0.08891530024993699,0.05648379975173157,58.49690805916907
bello,nonlinear_high_noise,FDMatern52+reg=laplacian:0.01,3000,289,17,17,1,laplacian,0.01,0.9729997280257184,0.6948100379088434,0.8640895783204229,0.7953159189000956,1.4170384126368236,0.7272739517961215,0.33020010642479447,1.4000000000000001,0.008803299112982218,0.0,0.0,ok,0.07317070000863168,9.0,1520,3.0957668510764074e-09,0.005517024012827306,0.14568549999967217,0.08903550000104588,0.0566499999986263,58.57598684279334
bello,nonlinear_high_noise,FDMatern52+reg=laplacian:0.1,3000,289,17,17,1,laplacian,0.1,0.9728109723781203,0.6933523480506453,0.8581505046413609,0.7616902908788687,1.4056079832085793,0.7222752413696222,0.31623938253212414,1.4000000000000001,0.008621177183097028,0.0,0.0,ok,0.07375070000125561,8.0,1360,8.966850669977429e-09,0.005263921653098161,0.1313229999941541,0.0803291000192985,0.050993899974855594,59.06551472007242
bello,nonlinear_high_noise,FDMatern52+reg=gradient:0.03,3000,289,17,17,1,gradient,0.03,0.9780888438428791,0.7010639329131758,0.8831509454014632,0.785708465053813,1.41179167569137,0.7433172372510979,0.3262112735508076,1.4000000000000001,0.008364686109923105,0.0,0.0,ok,0.07314049999695271,9.0,1520,5.9113869883453205e-09,0.005320601940524755,0.14358989999163896,0.08830879972083494,0.05528110027080402,58.09789455318088
bello,nonlinear_high_noise,FDMatern52+reg=gradient:0.3,3000,289,17,17,1,gradient,0.3,1.0267392518963896,0.7641784764210686,1.0385315237943868,0.7198193687134382,1.3732990613646845,0.8740956311993747,0.2988553686747752,1.2,0.0055460635942692176,0.0,0.0,ok,0.07267559999309015,9.0,1520,5.995934724163018e-09,0.0038214770160572733,0.14655920000222977,0.08943480014568195,0.057124399856547825,58.8386843063697
bello,nonlinear_high_noise,FDIntegratedEpanechnikov,3000,289,17,17,1,none,0.0,1.481955416618804,1.3057103950776041,1.9017256174354396,0.843899197795946,2.4906962892490556,1.6006158848860892,0.3503709636661047,0.6,0.00036150507101668665,0.0,0.0,ok,0.07770330000494141,5.0,880,6.213719919554556e-10,0.0023153531293348957,0.08401819999562576,0.05161089982721023,0.03240730016841553,58.648749803647995
bello,nonlinear_high_noise,FDIntegratedEpanechnikov+reg=laplacian:0.01,3000,289,17,17,1,laplacian,0.01,1.4814228589498606,1.3050712380975202,1.9010052444241634,0.8438791188197979,2.489991322678361,1.600009572138172,0.35036262725549927,0.4,0.00032716594551944413,0.0,0.0,ok,0.07824360000086017,5.0,880,6.586287127118571e-10,0.002132569072081641,0.08655239999643527,0.05302670015953481,0.03352569983690046,60.257613817653194
bello,nonlinear_high_noise,FDIntegratedEpanechnikov+reg=laplacian:0.1,3000,289,17,17,1,laplacian,0.1,1.477868194452287,1.3011109025891272,1.8971552851315523,0.8442212915443349,2.4885078524537017,1.596769196164151,0.3505046908900535,0.4,0.00017159128579127277,0.0,0.0,ok,0.07881120000092778,5.0,880,8.534107393254041e-10,0.002251436184009519,0.08660059999965597,0.05247750000853557,0.0341230999911204,59.63352273697224
bello,nonlinear_high_noise,FDIntegratedEpanechnikov+reg=gradient:0.03,3000,289,17,17,1,gradient,0.03,1.4758253116555338,1.2991611383161428,1.8983082613245035,0.8441941933004123,2.4909081769694583,1.5977396158674002,0.3504934402124114,0.4,0.0003073499711763961,0.0,0.0,ok,0.07864100000006147,5.0,880,6.316140649918547e-10,0.002178579254885622,0.08633560000453144,0.05211710020375904,0.034218499800772406,59.22397750427163
bello,nonlinear_high_noise,FDIntegratedEpanechnikov+reg=gradient:0.3,3000,289,17,17,1,gradient,0.3,1.4443360834625167,1.2662845399486855,1.8799293979606893,0.8586953185633355,2.5007149135087827,1.582270769901102,0.3565140327735644,0.4,0.00015270738703922448,0.0,0.0,ok,0.0767863000073703,5.0,880,6.226828475552625e-10,0.0029168341384601887,0.08489019999979064,0.05194070014113095,0.03294949985865969,59.0235228876488
bello,nonlinear_high_noise,savgol,3000,289,17,17,1,none,0.0,0.7307416997170011,0.2394471270772935,0.7523484515689901,0.9995888230364872,1.1721514440372323,0.6332253567550522,0.41501034733990344,1.0,0.0031676932691450605,0.0,0.0,ok,0.06624379999993835,7.0,1200,3.254300692086818e-10,0.008532859223518296,0.2190178000018932,0.17005460051586851,0.04896319948602468,141.7121670965571
bello,nonlinear_high_noise,savgol+reg=laplacian:0.01,3000,289,17,17,1,laplacian,0.01,0.9722173280407824,0.6718965520208766,0.8492701465800362,0.826309883519779,1.5165099253408594,0.7148009548342171,0.34306821351625,1.4000000000000001,0.006933543378876638,0.0,0.0,failed: RuntimeError,0.06539350000093691,,30800,,,5.602305599997635,4.3410857001144905,1.2612198998831445,140.94434091280814
bello,nonlinear_high_noise,savgol+reg=laplacian:0.1,3000,289,17,17,1,laplacian,0.1,0.9695360356116469,0.666512735057398,0.8269857423106189,0.7824722952320674,1.4992329386429066,0.6960449517958012,0.32486767713313885,1.4000000000000001,0.0063485267982040855,0.0,0.0,failed: RuntimeError,0.0679219000012381,,40240,,,7.215934699997888,5.602737300941953,1.6131973990559345,139.233034317643
bello,nonlinear_high_noise,savgol+reg=gradient:0.03,3000,289,17,17,1,gradient,0.03,0.974618697233522,0.6762480628108607,0.8869327746013352,0.8187588425139078,1.5073457064808864,0.7465002705108614,0.33993316430561066,1.6,0.006560080598560303,0.0,0.0,failed: RuntimeError,0.06489180000789929,,33680,,,5.986017600007472,4.653009698507958,1.3330079014995135,138.15349461128142
bello,nonlinear_high_noise,savgol+reg=gradient:0.3,3000,289,17,17,1,gradient,0.3,1.0054698179974235,0.7227783242429587,1.1431061951117123,0.7727856091830521,1.4243482865562844,0.962112471553546,0.32084594854921716,1.4000000000000001,0.004171566902052721,0.0,0.0,failed: RuntimeError,0.06640529999276623,,36640,,,6.630574800001341,5.140680498749134,1.4898943012522068,140.30241535887376
bello,nonlinear_high_noise,kissgp,3000,289,17,17,1,none,0.0,0.7767479064072913,0.3802644809954256,1.1260807539411233,0.9382528370872468,1.313901139950301,0.947782753672589,0.3895448076633954,0.4,0.00011288460322214633,0.0,0.0,ok,0.8475678999966476,4.0,720,4.058985095506121e-14,0.023940346794249553,2.1960279000049923,2.143031599916867,0.05299630008812528,2976.4327776623154
bello,nonlinear_high_noise,mlp,3000,289,17,17,1,none,0.0,0.8599826679517849,0.47356564197662343,1.4466839567542176,1.5503946422115358,1.5251444986046039,1.21762324720289,0.6436944913245075,2.0,0.010816114806822508,0.0,0.0,ok,7.786511400001473,4.0,720,8.39810152542136e-14,0.01118535585095686,7.095426300002146,7.037649099816917,0.05777720018522814,9774.512638634607
